HEM01	1	1	0	8
HEM01	1	1	1	7
HEM01	1	1	2	12
HEM01	1	1	3	12
HEM01	1	1	4	9
HEM01	1	1	5	7
HEM01	1	2	0	13
HEM01	1	2	1	12
HEM01	1	2	2	13
HEM01	1	2	3	12
HEM01	1	2	4	13
HEM01	1	2	5	11
HEM01	1	3	0	8
HEM01	1	3	1	10
HEM01	1	3	2	11
HEM01	1	3	3	12
HEM01	1	3	4	9
HEM01	1	3	5	8
HEM01	2	1	0	8
HEM01	2	1	1	7
HEM01	2	1	2	12
HEM01	2	1	3	12
HEM01	2	1	4	9
HEM01	2	1	5	7
HEM01	2	2	0	12
HEM01	2	2	1	12
HEM01	2	2	2	12
HEM01	2	2	3	12
HEM01	2	2	4	12
HEM01	2	2	5	11
HEM01	2	3	0	8
HEM01	2	3	1	10
HEM01	2	3	2	10
HEM01	2	3	3	11
HEM01	2	3	4	9
HEM01	2	3	5	8
HEM01	3	1	0	8
HEM01	3	1	1	7
HEM01	3	1	2	12
HEM01	3	1	3	12
HEM01	3	1	4	9
HEM01	3	1	5	7
HEM01	3	2	0	12
HEM01	3	2	1	12
HEM01	3	2	2	12
HEM01	3	2	3	12
HEM01	3	2	4	12
HEM01	3	2	5	11
HEM01	3	3	0	8
HEM01	3	3	1	10
HEM01	3	3	2	10
HEM01	3	3	3	11
HEM01	3	3	4	9
HEM01	3	3	5	8
HEM01	4	1	0	8
HEM01	4	1	1	7
HEM01	4	1	2	12
HEM01	4	1	3	12
HEM01	4	1	4	9
HEM01	4	1	5	7
HEM01	4	2	0	13
HEM01	4	2	1	12
HEM01	4	2	2	13
HEM01	4	2	3	12
HEM01	4	2	4	13
HEM01	4	2	5	11
HEM01	4	3	0	8
HEM01	4	3	1	10
HEM01	4	3	2	11
HEM01	4	3	3	12
HEM01	4	3	4	9
HEM01	4	3	5	8
HEM02	1	1	0	8
HEM02	1	1	1	7
HEM02	1	1	2	12
HEM02	1	1	3	12
HEM02	1	1	4	9
HEM02	1	1	5	7
HEM02	1	2	0	13
HEM02	1	2	1	12
HEM02	1	2	2	13
HEM02	1	2	3	12
HEM02	1	2	4	13
HEM02	1	2	5	11
HEM02	1	3	0	8
HEM02	1	3	1	10
HEM02	1	3	2	11
HEM02	1	3	3	12
HEM02	1	3	4	9
HEM02	1	3	5	8
HEM02	2	1	0	8
HEM02	2	1	1	7
HEM02	2	1	2	12
HEM02	2	1	3	12
HEM02	2	1	4	9
HEM02	2	1	5	7
HEM02	2	2	0	12
HEM02	2	2	1	12
HEM02	2	2	2	12
HEM02	2	2	3	12
HEM02	2	2	4	12
HEM02	2	2	5	11
HEM02	2	3	0	8
HEM02	2	3	1	10
HEM02	2	3	2	10
HEM02	2	3	3	11
HEM02	2	3	4	9
HEM02	2	3	5	8
HEM02	3	1	0	8
HEM02	3	1	1	7
HEM02	3	1	2	12
HEM02	3	1	3	12
HEM02	3	1	4	9
HEM02	3	1	5	7
HEM02	3	2	0	12
HEM02	3	2	1	12
HEM02	3	2	2	12
HEM02	3	2	3	12
HEM02	3	2	4	12
HEM02	3	2	5	11
HEM02	3	3	0	8
HEM02	3	3	1	10
HEM02	3	3	2	10
HEM02	3	3	3	11
HEM02	3	3	4	9
HEM02	3	3	5	8
HEM02	4	1	0	8
HEM02	4	1	1	7
HEM02	4	1	2	12
HEM02	4	1	3	12
HEM02	4	1	4	9
HEM02	4	1	5	7
HEM02	4	2	0	13
HEM02	4	2	1	12
HEM02	4	2	2	13
HEM02	4	2	3	12
HEM02	4	2	4	13
HEM02	4	2	5	11
HEM02	4	3	0	8
HEM02	4	3	1	10
HEM02	4	3	2	11
HEM02	4	3	3	12
HEM02	4	3	4	9
HEM02	4	3	5	8
HEM03	1	1	0	8
HEM03	1	1	1	7
HEM03	1	1	2	12
HEM03	1	1	3	12
HEM03	1	1	4	9
HEM03	1	1	5	7
HEM03	1	2	0	13
HEM03	1	2	1	12
HEM03	1	2	2	13
HEM03	1	2	3	12
HEM03	1	2	4	13
HEM03	1	2	5	11
HEM03	1	3	0	8
HEM03	1	3	1	10
HEM03	1	3	2	11
HEM03	1	3	3	12
HEM03	1	3	4	9
HEM03	1	3	5	8
HEM03	2	1	0	8
HEM03	2	1	1	7
HEM03	2	1	2	12
HEM03	2	1	3	12
HEM03	2	1	4	9
HEM03	2	1	5	7
HEM03	2	2	0	12
HEM03	2	2	1	12
HEM03	2	2	2	12
HEM03	2	2	3	12
HEM03	2	2	4	12
HEM03	2	2	5	11
HEM03	2	3	0	8
HEM03	2	3	1	10
HEM03	2	3	2	10
HEM03	2	3	3	11
HEM03	2	3	4	9
HEM03	2	3	5	8
HEM03	3	1	0	8
HEM03	3	1	1	7
HEM03	3	1	2	12
HEM03	3	1	3	12
HEM03	3	1	4	9
HEM03	3	1	5	7
HEM03	3	2	0	12
HEM03	3	2	1	12
HEM03	3	2	2	12
HEM03	3	2	3	12
HEM03	3	2	4	12
HEM03	3	2	5	11
HEM03	3	3	0	8
HEM03	3	3	1	10
HEM03	3	3	2	10
HEM03	3	3	3	11
HEM03	3	3	4	9
HEM03	3	3	5	8
HEM03	4	1	0	8
HEM03	4	1	1	7
HEM03	4	1	2	12
HEM03	4	1	3	12
HEM03	4	1	4	9
HEM03	4	1	5	7
HEM03	4	2	0	13
HEM03	4	2	1	12
HEM03	4	2	2	13
HEM03	4	2	3	12
HEM03	4	2	4	13
HEM03	4	2	5	11
HEM03	4	3	0	8
HEM03	4	3	1	10
HEM03	4	3	2	11
HEM03	4	3	3	12
HEM03	4	3	4	9
HEM03	4	3	5	8
HEM04	1	1	0	8
HEM04	1	1	1	7
HEM04	1	1	2	12
HEM04	1	1	3	12
HEM04	1	1	4	9
HEM04	1	1	5	7
HEM04	1	2	0	13
HEM04	1	2	1	12
HEM04	1	2	2	13
HEM04	1	2	3	12
HEM04	1	2	4	13
HEM04	1	2	5	11
HEM04	1	3	0	8
HEM04	1	3	1	10
HEM04	1	3	2	11
HEM04	1	3	3	12
HEM04	1	3	4	9
HEM04	1	3	5	8
HEM04	2	1	0	8
HEM04	2	1	1	7
HEM04	2	1	2	12
HEM04	2	1	3	12
HEM04	2	1	4	9
HEM04	2	1	5	7
HEM04	2	2	0	12
HEM04	2	2	1	12
HEM04	2	2	2	12
HEM04	2	2	3	12
HEM04	2	2	4	12
HEM04	2	2	5	11
HEM04	2	3	0	8
HEM04	2	3	1	10
HEM04	2	3	2	10
HEM04	2	3	3	11
HEM04	2	3	4	9
HEM04	2	3	5	8
HEM04	3	1	0	8
HEM04	3	1	1	7
HEM04	3	1	2	12
HEM04	3	1	3	12
HEM04	3	1	4	9
HEM04	3	1	5	7
HEM04	3	2	0	12
HEM04	3	2	1	12
HEM04	3	2	2	12
HEM04	3	2	3	12
HEM04	3	2	4	12
HEM04	3	2	5	11
HEM04	3	3	0	8
HEM04	3	3	1	10
HEM04	3	3	2	10
HEM04	3	3	3	11
HEM04	3	3	4	9
HEM04	3	3	5	8
HEM04	4	1	0	8
HEM04	4	1	1	7
HEM04	4	1	2	12
HEM04	4	1	3	12
HEM04	4	1	4	9
HEM04	4	1	5	7
HEM04	4	2	0	13
HEM04	4	2	1	12
HEM04	4	2	2	13
HEM04	4	2	3	12
HEM04	4	2	4	13
HEM04	4	2	5	11
HEM04	4	3	0	8
HEM04	4	3	1	10
HEM04	4	3	2	11
HEM04	4	3	3	12
HEM04	4	3	4	9
HEM04	4	3	5	8
HEM05	1	1	0	8
HEM05	1	1	1	7
HEM05	1	1	2	12
HEM05	1	1	3	12
HEM05	1	1	4	9
HEM05	1	1	5	7
HEM05	1	2	0	13
HEM05	1	2	1	12
HEM05	1	2	2	13
HEM05	1	2	3	12
HEM05	1	2	4	13
HEM05	1	2	5	11
HEM05	1	3	0	8
HEM05	1	3	1	10
HEM05	1	3	2	11
HEM05	1	3	3	12
HEM05	1	3	4	9
HEM05	1	3	5	8
HEM05	2	1	0	8
HEM05	2	1	1	7
HEM05	2	1	2	12
HEM05	2	1	3	12
HEM05	2	1	4	9
HEM05	2	1	5	7
HEM05	2	2	0	12
HEM05	2	2	1	12
HEM05	2	2	2	12
HEM05	2	2	3	12
HEM05	2	2	4	12
HEM05	2	2	5	11
HEM05	2	3	0	8
HEM05	2	3	1	10
HEM05	2	3	2	10
HEM05	2	3	3	11
HEM05	2	3	4	9
HEM05	2	3	5	8
HEM05	3	1	0	8
HEM05	3	1	1	7
HEM05	3	1	2	12
HEM05	3	1	3	12
HEM05	3	1	4	9
HEM05	3	1	5	7
HEM05	3	2	0	12
HEM05	3	2	1	12
HEM05	3	2	2	12
HEM05	3	2	3	12
HEM05	3	2	4	12
HEM05	3	2	5	11
HEM05	3	3	0	8
HEM05	3	3	1	10
HEM05	3	3	2	10
HEM05	3	3	3	11
HEM05	3	3	4	9
HEM05	3	3	5	8
HEM05	4	1	0	8
HEM05	4	1	1	7
HEM05	4	1	2	12
HEM05	4	1	3	12
HEM05	4	1	4	9
HEM05	4	1	5	7
HEM05	4	2	0	13
HEM05	4	2	1	12
HEM05	4	2	2	13
HEM05	4	2	3	12
HEM05	4	2	4	13
HEM05	4	2	5	11
HEM05	4	3	0	8
HEM05	4	3	1	10
HEM05	4	3	2	11
HEM05	4	3	3	12
HEM05	4	3	4	9
HEM05	4	3	5	8
HEM06	1	1	0	8
HEM06	1	1	1	7
HEM06	1	1	2	12
HEM06	1	1	3	12
HEM06	1	1	4	9
HEM06	1	1	5	7
HEM06	1	2	0	13
HEM06	1	2	1	12
HEM06	1	2	2	13
HEM06	1	2	3	12
HEM06	1	2	4	13
HEM06	1	2	5	11
HEM06	1	3	0	8
HEM06	1	3	1	10
HEM06	1	3	2	11
HEM06	1	3	3	12
HEM06	1	3	4	9
HEM06	1	3	5	8
HEM06	2	1	0	8
HEM06	2	1	1	7
HEM06	2	1	2	12
HEM06	2	1	3	12
HEM06	2	1	4	9
HEM06	2	1	5	7
HEM06	2	2	0	12
HEM06	2	2	1	12
HEM06	2	2	2	12
HEM06	2	2	3	12
HEM06	2	2	4	12
HEM06	2	2	5	11
HEM06	2	3	0	8
HEM06	2	3	1	10
HEM06	2	3	2	10
HEM06	2	3	3	11
HEM06	2	3	4	9
HEM06	2	3	5	8
HEM06	3	1	0	8
HEM06	3	1	1	7
HEM06	3	1	2	12
HEM06	3	1	3	12
HEM06	3	1	4	9
HEM06	3	1	5	7
HEM06	3	2	0	12
HEM06	3	2	1	12
HEM06	3	2	2	12
HEM06	3	2	3	12
HEM06	3	2	4	12
HEM06	3	2	5	11
HEM06	3	3	0	8
HEM06	3	3	1	10
HEM06	3	3	2	10
HEM06	3	3	3	11
HEM06	3	3	4	9
HEM06	3	3	5	8
HEM06	4	1	0	8
HEM06	4	1	1	7
HEM06	4	1	2	12
HEM06	4	1	3	12
HEM06	4	1	4	9
HEM06	4	1	5	7
HEM06	4	2	0	13
HEM06	4	2	1	12
HEM06	4	2	2	13
HEM06	4	2	3	12
HEM06	4	2	4	13
HEM06	4	2	5	11
HEM06	4	3	0	8
HEM06	4	3	1	10
HEM06	4	3	2	11
HEM06	4	3	3	12
HEM06	4	3	4	9
HEM06	4	3	5	8
HEM07	1	1	0	8
HEM07	1	1	1	7
HEM07	1	1	2	12
HEM07	1	1	3	12
HEM07	1	1	4	9
HEM07	1	1	5	7
HEM07	1	2	0	13
HEM07	1	2	1	12
HEM07	1	2	2	13
HEM07	1	2	3	12
HEM07	1	2	4	13
HEM07	1	2	5	11
HEM07	1	3	0	8
HEM07	1	3	1	10
HEM07	1	3	2	11
HEM07	1	3	3	12
HEM07	1	3	4	9
HEM07	1	3	5	8
HEM07	2	1	0	8
HEM07	2	1	1	7
HEM07	2	1	2	12
HEM07	2	1	3	12
HEM07	2	1	4	9
HEM07	2	1	5	7
HEM07	2	2	0	12
HEM07	2	2	1	12
HEM07	2	2	2	12
HEM07	2	2	3	12
HEM07	2	2	4	12
HEM07	2	2	5	11
HEM07	2	3	0	8
HEM07	2	3	1	10
HEM07	2	3	2	10
HEM07	2	3	3	11
HEM07	2	3	4	9
HEM07	2	3	5	8
HEM07	3	1	0	8
HEM07	3	1	1	7
HEM07	3	1	2	12
HEM07	3	1	3	12
HEM07	3	1	4	9
HEM07	3	1	5	7
HEM07	3	2	0	12
HEM07	3	2	1	12
HEM07	3	2	2	12
HEM07	3	2	3	12
HEM07	3	2	4	12
HEM07	3	2	5	11
HEM07	3	3	0	8
HEM07	3	3	1	10
HEM07	3	3	2	10
HEM07	3	3	3	11
HEM07	3	3	4	9
HEM07	3	3	5	8
HEM07	4	1	0	8
HEM07	4	1	1	7
HEM07	4	1	2	12
HEM07	4	1	3	12
HEM07	4	1	4	9
HEM07	4	1	5	7
HEM07	4	2	0	13
HEM07	4	2	1	12
HEM07	4	2	2	13
HEM07	4	2	3	12
HEM07	4	2	4	13
HEM07	4	2	5	11
HEM07	4	3	0	8
HEM07	4	3	1	10
HEM07	4	3	2	11
HEM07	4	3	3	12
HEM07	4	3	4	9
HEM07	4	3	5	8
HEM08	1	1	0	8
HEM08	1	1	1	7
HEM08	1	1	2	12
HEM08	1	1	3	12
HEM08	1	1	4	9
HEM08	1	1	5	7
HEM08	1	2	0	13
HEM08	1	2	1	12
HEM08	1	2	2	13
HEM08	1	2	3	12
HEM08	1	2	4	13
HEM08	1	2	5	11
HEM08	1	3	0	8
HEM08	1	3	1	10
HEM08	1	3	2	11
HEM08	1	3	3	12
HEM08	1	3	4	9
HEM08	1	3	5	8
HEM08	2	1	0	8
HEM08	2	1	1	7
HEM08	2	1	2	12
HEM08	2	1	3	12
HEM08	2	1	4	9
HEM08	2	1	5	7
HEM08	2	2	0	12
HEM08	2	2	1	12
HEM08	2	2	2	12
HEM08	2	2	3	12
HEM08	2	2	4	12
HEM08	2	2	5	11
HEM08	2	3	0	8
HEM08	2	3	1	10
HEM08	2	3	2	10
HEM08	2	3	3	11
HEM08	2	3	4	9
HEM08	2	3	5	8
HEM08	3	1	0	8
HEM08	3	1	1	7
HEM08	3	1	2	12
HEM08	3	1	3	12
HEM08	3	1	4	9
HEM08	3	1	5	7
HEM08	3	2	0	12
HEM08	3	2	1	12
HEM08	3	2	2	12
HEM08	3	2	3	12
HEM08	3	2	4	12
HEM08	3	2	5	11
HEM08	3	3	0	8
HEM08	3	3	1	10
HEM08	3	3	2	10
HEM08	3	3	3	11
HEM08	3	3	4	9
HEM08	3	3	5	8
HEM08	4	1	0	8
HEM08	4	1	1	7
HEM08	4	1	2	12
HEM08	4	1	3	12
HEM08	4	1	4	9
HEM08	4	1	5	7
HEM08	4	2	0	13
HEM08	4	2	1	12
HEM08	4	2	2	13
HEM08	4	2	3	12
HEM08	4	2	4	13
HEM08	4	2	5	11
HEM08	4	3	0	8
HEM08	4	3	1	10
HEM08	4	3	2	11
HEM08	4	3	3	12
HEM08	4	3	4	9
HEM08	4	3	5	8
HEM09	1	1	0	8
HEM09	1	1	1	7
HEM09	1	1	2	12
HEM09	1	1	3	12
HEM09	1	1	4	9
HEM09	1	1	5	7
HEM09	1	2	0	13
HEM09	1	2	1	12
HEM09	1	2	2	13
HEM09	1	2	3	12
HEM09	1	2	4	13
HEM09	1	2	5	11
HEM09	1	3	0	8
HEM09	1	3	1	10
HEM09	1	3	2	11
HEM09	1	3	3	12
HEM09	1	3	4	9
HEM09	1	3	5	8
HEM09	2	1	0	8
HEM09	2	1	1	7
HEM09	2	1	2	12
HEM09	2	1	3	12
HEM09	2	1	4	9
HEM09	2	1	5	7
HEM09	2	2	0	12
HEM09	2	2	1	12
HEM09	2	2	2	12
HEM09	2	2	3	12
HEM09	2	2	4	12
HEM09	2	2	5	11
HEM09	2	3	0	8
HEM09	2	3	1	10
HEM09	2	3	2	10
HEM09	2	3	3	11
HEM09	2	3	4	9
HEM09	2	3	5	8
HEM09	3	1	0	8
HEM09	3	1	1	7
HEM09	3	1	2	12
HEM09	3	1	3	12
HEM09	3	1	4	9
HEM09	3	1	5	7
HEM09	3	2	0	12
HEM09	3	2	1	12
HEM09	3	2	2	12
HEM09	3	2	3	12
HEM09	3	2	4	12
HEM09	3	2	5	11
HEM09	3	3	0	8
HEM09	3	3	1	10
HEM09	3	3	2	10
HEM09	3	3	3	11
HEM09	3	3	4	9
HEM09	3	3	5	8
HEM09	4	1	0	8
HEM09	4	1	1	7
HEM09	4	1	2	12
HEM09	4	1	3	12
HEM09	4	1	4	9
HEM09	4	1	5	7
HEM09	4	2	0	13
HEM09	4	2	1	12
HEM09	4	2	2	13
HEM09	4	2	3	12
HEM09	4	2	4	13
HEM09	4	2	5	11
HEM09	4	3	0	8
HEM09	4	3	1	10
HEM09	4	3	2	11
HEM09	4	3	3	12
HEM09	4	3	4	9
HEM09	4	3	5	8
HEM10	1	1	0	8
HEM10	1	1	1	7
HEM10	1	1	2	12
HEM10	1	1	3	12
HEM10	1	1	4	9
HEM10	1	1	5	7
HEM10	1	2	0	13
HEM10	1	2	1	12
HEM10	1	2	2	13
HEM10	1	2	3	12
HEM10	1	2	4	13
HEM10	1	2	5	11
HEM10	1	3	0	8
HEM10	1	3	1	10
HEM10	1	3	2	11
HEM10	1	3	3	12
HEM10	1	3	4	9
HEM10	1	3	5	8
HEM10	2	1	0	8
HEM10	2	1	1	7
HEM10	2	1	2	12
HEM10	2	1	3	12
HEM10	2	1	4	9
HEM10	2	1	5	7
HEM10	2	2	0	12
HEM10	2	2	1	12
HEM10	2	2	2	12
HEM10	2	2	3	12
HEM10	2	2	4	12
HEM10	2	2	5	11
HEM10	2	3	0	8
HEM10	2	3	1	10
HEM10	2	3	2	10
HEM10	2	3	3	11
HEM10	2	3	4	9
HEM10	2	3	5	8
HEM10	3	1	0	8
HEM10	3	1	1	7
HEM10	3	1	2	12
HEM10	3	1	3	12
HEM10	3	1	4	9
HEM10	3	1	5	7
HEM10	3	2	0	12
HEM10	3	2	1	12
HEM10	3	2	2	12
HEM10	3	2	3	12
HEM10	3	2	4	12
HEM10	3	2	5	11
HEM10	3	3	0	8
HEM10	3	3	1	10
HEM10	3	3	2	10
HEM10	3	3	3	11
HEM10	3	3	4	9
HEM10	3	3	5	8
HEM10	4	1	0	8
HEM10	4	1	1	7
HEM10	4	1	2	12
HEM10	4	1	3	12
HEM10	4	1	4	9
HEM10	4	1	5	7
HEM10	4	2	0	13
HEM10	4	2	1	12
HEM10	4	2	2	13
HEM10	4	2	3	12
HEM10	4	2	4	13
HEM10	4	2	5	11
HEM10	4	3	0	8
HEM10	4	3	1	10
HEM10	4	3	2	11
HEM10	4	3	3	12
HEM10	4	3	4	9
HEM10	4	3	5	8
HEM11	1	1	0	8
HEM11	1	1	1	7
HEM11	1	1	2	12
HEM11	1	1	3	12
HEM11	1	1	4	9
HEM11	1	1	5	7
HEM11	1	2	0	13
HEM11	1	2	1	12
HEM11	1	2	2	13
HEM11	1	2	3	12
HEM11	1	2	4	13
HEM11	1	2	5	11
HEM11	1	3	0	8
HEM11	1	3	1	10
HEM11	1	3	2	11
HEM11	1	3	3	12
HEM11	1	3	4	9
HEM11	1	3	5	8
HEM11	2	1	0	8
HEM11	2	1	1	7
HEM11	2	1	2	12
HEM11	2	1	3	12
HEM11	2	1	4	9
HEM11	2	1	5	7
HEM11	2	2	0	12
HEM11	2	2	1	12
HEM11	2	2	2	12
HEM11	2	2	3	12
HEM11	2	2	4	12
HEM11	2	2	5	11
HEM11	2	3	0	8
HEM11	2	3	1	10
HEM11	2	3	2	10
HEM11	2	3	3	11
HEM11	2	3	4	9
HEM11	2	3	5	8
HEM11	3	1	0	8
HEM11	3	1	1	7
HEM11	3	1	2	12
HEM11	3	1	3	12
HEM11	3	1	4	9
HEM11	3	1	5	7
HEM11	3	2	0	12
HEM11	3	2	1	12
HEM11	3	2	2	12
HEM11	3	2	3	12
HEM11	3	2	4	12
HEM11	3	2	5	11
HEM11	3	3	0	8
HEM11	3	3	1	10
HEM11	3	3	2	10
HEM11	3	3	3	11
HEM11	3	3	4	9
HEM11	3	3	5	8
HEM11	4	1	0	8
HEM11	4	1	1	7
HEM11	4	1	2	12
HEM11	4	1	3	12
HEM11	4	1	4	9
HEM11	4	1	5	7
HEM11	4	2	0	13
HEM11	4	2	1	12
HEM11	4	2	2	13
HEM11	4	2	3	12
HEM11	4	2	4	13
HEM11	4	2	5	11
HEM11	4	3	0	8
HEM11	4	3	1	10
HEM11	4	3	2	11
HEM11	4	3	3	12
HEM11	4	3	4	9
HEM11	4	3	5	8
HEM12	1	1	0	8
HEM12	1	1	1	7
HEM12	1	1	2	12
HEM12	1	1	3	12
HEM12	1	1	4	9
HEM12	1	1	5	7
HEM12	1	2	0	13
HEM12	1	2	1	12
HEM12	1	2	2	13
HEM12	1	2	3	12
HEM12	1	2	4	13
HEM12	1	2	5	11
HEM12	1	3	0	8
HEM12	1	3	1	10
HEM12	1	3	2	11
HEM12	1	3	3	12
HEM12	1	3	4	9
HEM12	1	3	5	8
HEM12	2	1	0	8
HEM12	2	1	1	7
HEM12	2	1	2	12
HEM12	2	1	3	12
HEM12	2	1	4	9
HEM12	2	1	5	7
HEM12	2	2	0	12
HEM12	2	2	1	12
HEM12	2	2	2	12
HEM12	2	2	3	12
HEM12	2	2	4	12
HEM12	2	2	5	11
HEM12	2	3	0	8
HEM12	2	3	1	10
HEM12	2	3	2	10
HEM12	2	3	3	11
HEM12	2	3	4	9
HEM12	2	3	5	8
HEM12	3	1	0	8
HEM12	3	1	1	7
HEM12	3	1	2	12
HEM12	3	1	3	12
HEM12	3	1	4	9
HEM12	3	1	5	7
HEM12	3	2	0	12
HEM12	3	2	1	12
HEM12	3	2	2	12
HEM12	3	2	3	12
HEM12	3	2	4	12
HEM12	3	2	5	11
HEM12	3	3	0	8
HEM12	3	3	1	10
HEM12	3	3	2	10
HEM12	3	3	3	11
HEM12	3	3	4	9
HEM12	3	3	5	8
HEM12	4	1	0	8
HEM12	4	1	1	7
HEM12	4	1	2	12
HEM12	4	1	3	12
HEM12	4	1	4	9
HEM12	4	1	5	7
HEM12	4	2	0	13
HEM12	4	2	1	12
HEM12	4	2	2	13
HEM12	4	2	3	12
HEM12	4	2	4	13
HEM12	4	2	5	11
HEM12	4	3	0	8
HEM12	4	3	1	10
HEM12	4	3	2	11
HEM12	4	3	3	12
HEM12	4	3	4	9
HEM12	4	3	5	8
HEM13	1	1	0	8
HEM13	1	1	1	7
HEM13	1	1	2	12
HEM13	1	1	3	12
HEM13	1	1	4	9
HEM13	1	1	5	7
HEM13	1	2	0	13
HEM13	1	2	1	12
HEM13	1	2	2	13
HEM13	1	2	3	12
HEM13	1	2	4	13
HEM13	1	2	5	11
HEM13	1	3	0	8
HEM13	1	3	1	10
HEM13	1	3	2	11
HEM13	1	3	3	12
HEM13	1	3	4	9
HEM13	1	3	5	8
HEM13	2	1	0	8
HEM13	2	1	1	7
HEM13	2	1	2	12
HEM13	2	1	3	12
HEM13	2	1	4	9
HEM13	2	1	5	7
HEM13	2	2	0	12
HEM13	2	2	1	12
HEM13	2	2	2	12
HEM13	2	2	3	12
HEM13	2	2	4	12
HEM13	2	2	5	11
HEM13	2	3	0	8
HEM13	2	3	1	10
HEM13	2	3	2	10
HEM13	2	3	3	11
HEM13	2	3	4	9
HEM13	2	3	5	8
HEM13	3	1	0	8
HEM13	3	1	1	7
HEM13	3	1	2	12
HEM13	3	1	3	12
HEM13	3	1	4	9
HEM13	3	1	5	7
HEM13	3	2	0	12
HEM13	3	2	1	12
HEM13	3	2	2	12
HEM13	3	2	3	12
HEM13	3	2	4	12
HEM13	3	2	5	11
HEM13	3	3	0	8
HEM13	3	3	1	10
HEM13	3	3	2	10
HEM13	3	3	3	11
HEM13	3	3	4	9
HEM13	3	3	5	8
HEM13	4	1	0	8
HEM13	4	1	1	7
HEM13	4	1	2	12
HEM13	4	1	3	12
HEM13	4	1	4	9
HEM13	4	1	5	7
HEM13	4	2	0	13
HEM13	4	2	1	12
HEM13	4	2	2	13
HEM13	4	2	3	12
HEM13	4	2	4	13
HEM13	4	2	5	11
HEM13	4	3	0	8
HEM13	4	3	1	10
HEM13	4	3	2	11
HEM13	4	3	3	12
HEM13	4	3	4	9
HEM13	4	3	5	8
HEM14	1	1	0	8
HEM14	1	1	1	7
HEM14	1	1	2	12
HEM14	1	1	3	12
HEM14	1	1	4	9
HEM14	1	1	5	7
HEM14	1	2	0	13
HEM14	1	2	1	12
HEM14	1	2	2	13
HEM14	1	2	3	12
HEM14	1	2	4	13
HEM14	1	2	5	11
HEM14	1	3	0	8
HEM14	1	3	1	10
HEM14	1	3	2	11
HEM14	1	3	3	12
HEM14	1	3	4	9
HEM14	1	3	5	8
HEM14	2	1	0	8
HEM14	2	1	1	7
HEM14	2	1	2	12
HEM14	2	1	3	12
HEM14	2	1	4	9
HEM14	2	1	5	7
HEM14	2	2	0	12
HEM14	2	2	1	12
HEM14	2	2	2	12
HEM14	2	2	3	12
HEM14	2	2	4	12
HEM14	2	2	5	11
HEM14	2	3	0	8
HEM14	2	3	1	10
HEM14	2	3	2	10
HEM14	2	3	3	11
HEM14	2	3	4	9
HEM14	2	3	5	8
HEM14	3	1	0	8
HEM14	3	1	1	7
HEM14	3	1	2	12
HEM14	3	1	3	12
HEM14	3	1	4	9
HEM14	3	1	5	7
HEM14	3	2	0	12
HEM14	3	2	1	12
HEM14	3	2	2	12
HEM14	3	2	3	12
HEM14	3	2	4	12
HEM14	3	2	5	11
HEM14	3	3	0	8
HEM14	3	3	1	10
HEM14	3	3	2	10
HEM14	3	3	3	11
HEM14	3	3	4	9
HEM14	3	3	5	8
HEM14	4	1	0	8
HEM14	4	1	1	7
HEM14	4	1	2	12
HEM14	4	1	3	12
HEM14	4	1	4	9
HEM14	4	1	5	7
HEM14	4	2	0	13
HEM14	4	2	1	12
HEM14	4	2	2	13
HEM14	4	2	3	12
HEM14	4	2	4	13
HEM14	4	2	5	11
HEM14	4	3	0	8
HEM14	4	3	1	10
HEM14	4	3	2	11
HEM14	4	3	3	12
HEM14	4	3	4	9
HEM14	4	3	5	8
HEM15	1	1	0	8
HEM15	1	1	1	7
HEM15	1	1	2	12
HEM15	1	1	3	12
HEM15	1	1	4	9
HEM15	1	1	5	7
HEM15	1	2	0	13
HEM15	1	2	1	12
HEM15	1	2	2	13
HEM15	1	2	3	12
HEM15	1	2	4	13
HEM15	1	2	5	11
HEM15	1	3	0	8
HEM15	1	3	1	10
HEM15	1	3	2	11
HEM15	1	3	3	12
HEM15	1	3	4	9
HEM15	1	3	5	8
HEM15	2	1	0	8
HEM15	2	1	1	7
HEM15	2	1	2	12
HEM15	2	1	3	12
HEM15	2	1	4	9
HEM15	2	1	5	7
HEM15	2	2	0	12
HEM15	2	2	1	12
HEM15	2	2	2	12
HEM15	2	2	3	12
HEM15	2	2	4	12
HEM15	2	2	5	11
HEM15	2	3	0	8
HEM15	2	3	1	10
HEM15	2	3	2	10
HEM15	2	3	3	11
HEM15	2	3	4	9
HEM15	2	3	5	8
HEM15	3	1	0	8
HEM15	3	1	1	7
HEM15	3	1	2	12
HEM15	3	1	3	12
HEM15	3	1	4	9
HEM15	3	1	5	7
HEM15	3	2	0	12
HEM15	3	2	1	12
HEM15	3	2	2	12
HEM15	3	2	3	12
HEM15	3	2	4	12
HEM15	3	2	5	11
HEM15	3	3	0	8
HEM15	3	3	1	10
HEM15	3	3	2	10
HEM15	3	3	3	11
HEM15	3	3	4	9
HEM15	3	3	5	8
HEM15	4	1	0	8
HEM15	4	1	1	7
HEM15	4	1	2	12
HEM15	4	1	3	12
HEM15	4	1	4	9
HEM15	4	1	5	7
HEM15	4	2	0	13
HEM15	4	2	1	12
HEM15	4	2	2	13
HEM15	4	2	3	12
HEM15	4	2	4	13
HEM15	4	2	5	11
HEM15	4	3	0	8
HEM15	4	3	1	10
HEM15	4	3	2	11
HEM15	4	3	3	12
HEM15	4	3	4	9
HEM15	4	3	5	8
HEM16	1	1	0	8
HEM16	1	1	1	7
HEM16	1	1	2	12
HEM16	1	1	3	12
HEM16	1	1	4	9
HEM16	1	1	5	7
HEM16	1	2	0	13
HEM16	1	2	1	12
HEM16	1	2	2	13
HEM16	1	2	3	12
HEM16	1	2	4	13
HEM16	1	2	5	11
HEM16	1	3	0	8
HEM16	1	3	1	10
HEM16	1	3	2	11
HEM16	1	3	3	12
HEM16	1	3	4	9
HEM16	1	3	5	8
HEM16	2	1	0	8
HEM16	2	1	1	7
HEM16	2	1	2	12
HEM16	2	1	3	12
HEM16	2	1	4	9
HEM16	2	1	5	7
HEM16	2	2	0	12
HEM16	2	2	1	12
HEM16	2	2	2	12
HEM16	2	2	3	12
HEM16	2	2	4	12
HEM16	2	2	5	11
HEM16	2	3	0	8
HEM16	2	3	1	10
HEM16	2	3	2	10
HEM16	2	3	3	11
HEM16	2	3	4	9
HEM16	2	3	5	8
HEM16	3	1	0	8
HEM16	3	1	1	7
HEM16	3	1	2	12
HEM16	3	1	3	12
HEM16	3	1	4	9
HEM16	3	1	5	7
HEM16	3	2	0	12
HEM16	3	2	1	12
HEM16	3	2	2	12
HEM16	3	2	3	12
HEM16	3	2	4	12
HEM16	3	2	5	11
HEM16	3	3	0	8
HEM16	3	3	1	10
HEM16	3	3	2	10
HEM16	3	3	3	11
HEM16	3	3	4	9
HEM16	3	3	5	8
HEM16	4	1	0	8
HEM16	4	1	1	7
HEM16	4	1	2	12
HEM16	4	1	3	12
HEM16	4	1	4	9
HEM16	4	1	5	7
HEM16	4	2	0	13
HEM16	4	2	1	12
HEM16	4	2	2	13
HEM16	4	2	3	12
HEM16	4	2	4	13
HEM16	4	2	5	11
HEM16	4	3	0	8
HEM16	4	3	1	10
HEM16	4	3	2	11
HEM16	4	3	3	12
HEM16	4	3	4	9
HEM16	4	3	5	8
HEM17	1	1	0	8
HEM17	1	1	1	7
HEM17	1	1	2	12
HEM17	1	1	3	12
HEM17	1	1	4	9
HEM17	1	1	5	7
HEM17	1	2	0	13
HEM17	1	2	1	12
HEM17	1	2	2	13
HEM17	1	2	3	12
HEM17	1	2	4	13
HEM17	1	2	5	11
HEM17	1	3	0	8
HEM17	1	3	1	10
HEM17	1	3	2	11
HEM17	1	3	3	12
HEM17	1	3	4	9
HEM17	1	3	5	8
HEM17	2	1	0	8
HEM17	2	1	1	7
HEM17	2	1	2	12
HEM17	2	1	3	12
HEM17	2	1	4	9
HEM17	2	1	5	7
HEM17	2	2	0	12
HEM17	2	2	1	12
HEM17	2	2	2	12
HEM17	2	2	3	12
HEM17	2	2	4	12
HEM17	2	2	5	11
HEM17	2	3	0	8
HEM17	2	3	1	10
HEM17	2	3	2	10
HEM17	2	3	3	11
HEM17	2	3	4	9
HEM17	2	3	5	8
HEM17	3	1	0	8
HEM17	3	1	1	7
HEM17	3	1	2	12
HEM17	3	1	3	12
HEM17	3	1	4	9
HEM17	3	1	5	7
HEM17	3	2	0	12
HEM17	3	2	1	12
HEM17	3	2	2	12
HEM17	3	2	3	12
HEM17	3	2	4	12
HEM17	3	2	5	11
HEM17	3	3	0	8
HEM17	3	3	1	10
HEM17	3	3	2	10
HEM17	3	3	3	11
HEM17	3	3	4	9
HEM17	3	3	5	8
HEM17	4	1	0	8
HEM17	4	1	1	7
HEM17	4	1	2	12
HEM17	4	1	3	12
HEM17	4	1	4	9
HEM17	4	1	5	7
HEM17	4	2	0	13
HEM17	4	2	1	12
HEM17	4	2	2	13
HEM17	4	2	3	12
HEM17	4	2	4	13
HEM17	4	2	5	11
HEM17	4	3	0	8
HEM17	4	3	1	10
HEM17	4	3	2	11
HEM17	4	3	3	12
HEM17	4	3	4	9
HEM17	4	3	5	8
HEM18	1	1	0	8
HEM18	1	1	1	7
HEM18	1	1	2	12
HEM18	1	1	3	12
HEM18	1	1	4	9
HEM18	1	1	5	7
HEM18	1	2	0	13
HEM18	1	2	1	12
HEM18	1	2	2	13
HEM18	1	2	3	12
HEM18	1	2	4	13
HEM18	1	2	5	11
HEM18	1	3	0	8
HEM18	1	3	1	10
HEM18	1	3	2	11
HEM18	1	3	3	12
HEM18	1	3	4	9
HEM18	1	3	5	8
HEM18	2	1	0	8
HEM18	2	1	1	7
HEM18	2	1	2	12
HEM18	2	1	3	12
HEM18	2	1	4	9
HEM18	2	1	5	7
HEM18	2	2	0	12
HEM18	2	2	1	12
HEM18	2	2	2	12
HEM18	2	2	3	12
HEM18	2	2	4	12
HEM18	2	2	5	11
HEM18	2	3	0	8
HEM18	2	3	1	10
HEM18	2	3	2	10
HEM18	2	3	3	11
HEM18	2	3	4	9
HEM18	2	3	5	8
HEM18	3	1	0	8
HEM18	3	1	1	7
HEM18	3	1	2	12
HEM18	3	1	3	12
HEM18	3	1	4	9
HEM18	3	1	5	7
HEM18	3	2	0	12
HEM18	3	2	1	12
HEM18	3	2	2	12
HEM18	3	2	3	12
HEM18	3	2	4	12
HEM18	3	2	5	11
HEM18	3	3	0	8
HEM18	3	3	1	10
HEM18	3	3	2	10
HEM18	3	3	3	11
HEM18	3	3	4	9
HEM18	3	3	5	8
HEM18	4	1	0	8
HEM18	4	1	1	7
HEM18	4	1	2	12
HEM18	4	1	3	12
HEM18	4	1	4	9
HEM18	4	1	5	7
HEM18	4	2	0	13
HEM18	4	2	1	12
HEM18	4	2	2	13
HEM18	4	2	3	12
HEM18	4	2	4	13
HEM18	4	2	5	11
HEM18	4	3	0	8
HEM18	4	3	1	10
HEM18	4	3	2	11
HEM18	4	3	3	12
HEM18	4	3	4	9
HEM18	4	3	5	8
HEP01	1	1	0	8
HEP01	1	1	1	7
HEP01	1	1	2	12
HEP01	1	1	3	12
HEP01	1	1	4	9
HEP01	1	1	5	7
HEP01	1	2	0	13
HEP01	1	2	1	12
HEP01	1	2	2	13
HEP01	1	2	3	12
HEP01	1	2	4	13
HEP01	1	2	5	11
HEP01	1	3	0	8
HEP01	1	3	1	10
HEP01	1	3	2	11
HEP01	1	3	3	12
HEP01	1	3	4	9
HEP01	1	3	5	8
HEP01	2	1	0	8
HEP01	2	1	1	7
HEP01	2	1	2	12
HEP01	2	1	3	12
HEP01	2	1	4	9
HEP01	2	1	5	7
HEP01	2	2	0	12
HEP01	2	2	1	12
HEP01	2	2	2	12
HEP01	2	2	3	12
HEP01	2	2	4	12
HEP01	2	2	5	11
HEP01	2	3	0	8
HEP01	2	3	1	10
HEP01	2	3	2	10
HEP01	2	3	3	11
HEP01	2	3	4	9
HEP01	2	3	5	8
HEP01	3	1	0	8
HEP01	3	1	1	7
HEP01	3	1	2	12
HEP01	3	1	3	12
HEP01	3	1	4	9
HEP01	3	1	5	7
HEP01	3	2	0	12
HEP01	3	2	1	12
HEP01	3	2	2	12
HEP01	3	2	3	12
HEP01	3	2	4	12
HEP01	3	2	5	11
HEP01	3	3	0	8
HEP01	3	3	1	10
HEP01	3	3	2	10
HEP01	3	3	3	11
HEP01	3	3	4	9
HEP01	3	3	5	8
HEP01	4	1	0	8
HEP01	4	1	1	7
HEP01	4	1	2	12
HEP01	4	1	3	12
HEP01	4	1	4	9
HEP01	4	1	5	7
HEP01	4	2	0	13
HEP01	4	2	1	12
HEP01	4	2	2	13
HEP01	4	2	3	12
HEP01	4	2	4	13
HEP01	4	2	5	11
HEP01	4	3	0	8
HEP01	4	3	1	10
HEP01	4	3	2	11
HEP01	4	3	3	12
HEP01	4	3	4	9
HEP01	4	3	5	8
HEP02	1	1	0	8
HEP02	1	1	1	7
HEP02	1	1	2	12
HEP02	1	1	3	12
HEP02	1	1	4	9
HEP02	1	1	5	7
HEP02	1	2	0	13
HEP02	1	2	1	12
HEP02	1	2	2	13
HEP02	1	2	3	12
HEP02	1	2	4	13
HEP02	1	2	5	11
HEP02	1	3	0	8
HEP02	1	3	1	10
HEP02	1	3	2	11
HEP02	1	3	3	12
HEP02	1	3	4	9
HEP02	1	3	5	8
HEP02	2	1	0	8
HEP02	2	1	1	7
HEP02	2	1	2	12
HEP02	2	1	3	12
HEP02	2	1	4	9
HEP02	2	1	5	7
HEP02	2	2	0	12
HEP02	2	2	1	12
HEP02	2	2	2	12
HEP02	2	2	3	12
HEP02	2	2	4	12
HEP02	2	2	5	11
HEP02	2	3	0	8
HEP02	2	3	1	10
HEP02	2	3	2	10
HEP02	2	3	3	11
HEP02	2	3	4	9
HEP02	2	3	5	8
HEP02	3	1	0	8
HEP02	3	1	1	7
HEP02	3	1	2	12
HEP02	3	1	3	12
HEP02	3	1	4	9
HEP02	3	1	5	7
HEP02	3	2	0	12
HEP02	3	2	1	12
HEP02	3	2	2	12
HEP02	3	2	3	12
HEP02	3	2	4	12
HEP02	3	2	5	11
HEP02	3	3	0	8
HEP02	3	3	1	10
HEP02	3	3	2	10
HEP02	3	3	3	11
HEP02	3	3	4	9
HEP02	3	3	5	8
HEP02	4	1	0	8
HEP02	4	1	1	7
HEP02	4	1	2	12
HEP02	4	1	3	12
HEP02	4	1	4	9
HEP02	4	1	5	7
HEP02	4	2	0	13
HEP02	4	2	1	12
HEP02	4	2	2	13
HEP02	4	2	3	12
HEP02	4	2	4	13
HEP02	4	2	5	11
HEP02	4	3	0	8
HEP02	4	3	1	10
HEP02	4	3	2	11
HEP02	4	3	3	12
HEP02	4	3	4	9
HEP02	4	3	5	8
HEP03	1	1	0	8
HEP03	1	1	1	7
HEP03	1	1	2	12
HEP03	1	1	3	12
HEP03	1	1	4	9
HEP03	1	1	5	7
HEP03	1	2	0	13
HEP03	1	2	1	12
HEP03	1	2	2	13
HEP03	1	2	3	12
HEP03	1	2	4	13
HEP03	1	2	5	11
HEP03	1	3	0	8
HEP03	1	3	1	10
HEP03	1	3	2	11
HEP03	1	3	3	12
HEP03	1	3	4	9
HEP03	1	3	5	8
HEP03	2	1	0	8
HEP03	2	1	1	7
HEP03	2	1	2	12
HEP03	2	1	3	12
HEP03	2	1	4	9
HEP03	2	1	5	7
HEP03	2	2	0	12
HEP03	2	2	1	12
HEP03	2	2	2	12
HEP03	2	2	3	12
HEP03	2	2	4	12
HEP03	2	2	5	11
HEP03	2	3	0	8
HEP03	2	3	1	10
HEP03	2	3	2	10
HEP03	2	3	3	11
HEP03	2	3	4	9
HEP03	2	3	5	8
HEP03	3	1	0	8
HEP03	3	1	1	7
HEP03	3	1	2	12
HEP03	3	1	3	12
HEP03	3	1	4	9
HEP03	3	1	5	7
HEP03	3	2	0	12
HEP03	3	2	1	12
HEP03	3	2	2	12
HEP03	3	2	3	12
HEP03	3	2	4	12
HEP03	3	2	5	11
HEP03	3	3	0	8
HEP03	3	3	1	10
HEP03	3	3	2	10
HEP03	3	3	3	11
HEP03	3	3	4	9
HEP03	3	3	5	8
HEP03	4	1	0	8
HEP03	4	1	1	7
HEP03	4	1	2	12
HEP03	4	1	3	12
HEP03	4	1	4	9
HEP03	4	1	5	7
HEP03	4	2	0	13
HEP03	4	2	1	12
HEP03	4	2	2	13
HEP03	4	2	3	12
HEP03	4	2	4	13
HEP03	4	2	5	11
HEP03	4	3	0	8
HEP03	4	3	1	10
HEP03	4	3	2	11
HEP03	4	3	3	12
HEP03	4	3	4	9
HEP03	4	3	5	8
HEP04	1	1	0	8
HEP04	1	1	1	7
HEP04	1	1	2	12
HEP04	1	1	3	12
HEP04	1	1	4	9
HEP04	1	1	5	7
HEP04	1	2	0	13
HEP04	1	2	1	12
HEP04	1	2	2	13
HEP04	1	2	3	12
HEP04	1	2	4	13
HEP04	1	2	5	11
HEP04	1	3	0	8
HEP04	1	3	1	10
HEP04	1	3	2	11
HEP04	1	3	3	12
HEP04	1	3	4	9
HEP04	1	3	5	8
HEP04	2	1	0	8
HEP04	2	1	1	7
HEP04	2	1	2	12
HEP04	2	1	3	12
HEP04	2	1	4	9
HEP04	2	1	5	7
HEP04	2	2	0	12
HEP04	2	2	1	12
HEP04	2	2	2	12
HEP04	2	2	3	12
HEP04	2	2	4	12
HEP04	2	2	5	11
HEP04	2	3	0	8
HEP04	2	3	1	10
HEP04	2	3	2	10
HEP04	2	3	3	11
HEP04	2	3	4	9
HEP04	2	3	5	8
HEP04	3	1	0	8
HEP04	3	1	1	7
HEP04	3	1	2	12
HEP04	3	1	3	12
HEP04	3	1	4	9
HEP04	3	1	5	7
HEP04	3	2	0	12
HEP04	3	2	1	12
HEP04	3	2	2	12
HEP04	3	2	3	12
HEP04	3	2	4	12
HEP04	3	2	5	11
HEP04	3	3	0	8
HEP04	3	3	1	10
HEP04	3	3	2	10
HEP04	3	3	3	11
HEP04	3	3	4	9
HEP04	3	3	5	8
HEP04	4	1	0	8
HEP04	4	1	1	7
HEP04	4	1	2	12
HEP04	4	1	3	12
HEP04	4	1	4	9
HEP04	4	1	5	7
HEP04	4	2	0	13
HEP04	4	2	1	12
HEP04	4	2	2	13
HEP04	4	2	3	12
HEP04	4	2	4	13
HEP04	4	2	5	11
HEP04	4	3	0	8
HEP04	4	3	1	10
HEP04	4	3	2	11
HEP04	4	3	3	12
HEP04	4	3	4	9
HEP04	4	3	5	8
HEP05	1	1	0	8
HEP05	1	1	1	7
HEP05	1	1	2	12
HEP05	1	1	3	12
HEP05	1	1	4	9
HEP05	1	1	5	7
HEP05	1	2	0	13
HEP05	1	2	1	12
HEP05	1	2	2	13
HEP05	1	2	3	12
HEP05	1	2	4	13
HEP05	1	2	5	11
HEP05	1	3	0	8
HEP05	1	3	1	10
HEP05	1	3	2	11
HEP05	1	3	3	12
HEP05	1	3	4	9
HEP05	1	3	5	8
HEP05	2	1	0	8
HEP05	2	1	1	7
HEP05	2	1	2	12
HEP05	2	1	3	12
HEP05	2	1	4	9
HEP05	2	1	5	7
HEP05	2	2	0	12
HEP05	2	2	1	12
HEP05	2	2	2	12
HEP05	2	2	3	12
HEP05	2	2	4	12
HEP05	2	2	5	11
HEP05	2	3	0	8
HEP05	2	3	1	10
HEP05	2	3	2	10
HEP05	2	3	3	11
HEP05	2	3	4	9
HEP05	2	3	5	8
HEP05	3	1	0	8
HEP05	3	1	1	7
HEP05	3	1	2	12
HEP05	3	1	3	12
HEP05	3	1	4	9
HEP05	3	1	5	7
HEP05	3	2	0	12
HEP05	3	2	1	12
HEP05	3	2	2	12
HEP05	3	2	3	12
HEP05	3	2	4	12
HEP05	3	2	5	11
HEP05	3	3	0	8
HEP05	3	3	1	10
HEP05	3	3	2	10
HEP05	3	3	3	11
HEP05	3	3	4	9
HEP05	3	3	5	8
HEP05	4	1	0	8
HEP05	4	1	1	7
HEP05	4	1	2	12
HEP05	4	1	3	12
HEP05	4	1	4	9
HEP05	4	1	5	7
HEP05	4	2	0	13
HEP05	4	2	1	12
HEP05	4	2	2	13
HEP05	4	2	3	12
HEP05	4	2	4	13
HEP05	4	2	5	11
HEP05	4	3	0	8
HEP05	4	3	1	10
HEP05	4	3	2	11
HEP05	4	3	3	12
HEP05	4	3	4	9
HEP05	4	3	5	8
HEP06	1	1	0	8
HEP06	1	1	1	7
HEP06	1	1	2	12
HEP06	1	1	3	12
HEP06	1	1	4	9
HEP06	1	1	5	7
HEP06	1	2	0	13
HEP06	1	2	1	12
HEP06	1	2	2	13
HEP06	1	2	3	12
HEP06	1	2	4	13
HEP06	1	2	5	11
HEP06	1	3	0	8
HEP06	1	3	1	10
HEP06	1	3	2	11
HEP06	1	3	3	12
HEP06	1	3	4	9
HEP06	1	3	5	8
HEP06	2	1	0	8
HEP06	2	1	1	7
HEP06	2	1	2	12
HEP06	2	1	3	12
HEP06	2	1	4	9
HEP06	2	1	5	7
HEP06	2	2	0	12
HEP06	2	2	1	12
HEP06	2	2	2	12
HEP06	2	2	3	12
HEP06	2	2	4	12
HEP06	2	2	5	11
HEP06	2	3	0	8
HEP06	2	3	1	10
HEP06	2	3	2	10
HEP06	2	3	3	11
HEP06	2	3	4	9
HEP06	2	3	5	8
HEP06	3	1	0	8
HEP06	3	1	1	7
HEP06	3	1	2	12
HEP06	3	1	3	12
HEP06	3	1	4	9
HEP06	3	1	5	7
HEP06	3	2	0	12
HEP06	3	2	1	12
HEP06	3	2	2	12
HEP06	3	2	3	12
HEP06	3	2	4	12
HEP06	3	2	5	11
HEP06	3	3	0	8
HEP06	3	3	1	10
HEP06	3	3	2	10
HEP06	3	3	3	11
HEP06	3	3	4	9
HEP06	3	3	5	8
HEP06	4	1	0	8
HEP06	4	1	1	7
HEP06	4	1	2	12
HEP06	4	1	3	12
HEP06	4	1	4	9
HEP06	4	1	5	7
HEP06	4	2	0	13
HEP06	4	2	1	12
HEP06	4	2	2	13
HEP06	4	2	3	12
HEP06	4	2	4	13
HEP06	4	2	5	11
HEP06	4	3	0	8
HEP06	4	3	1	10
HEP06	4	3	2	11
HEP06	4	3	3	12
HEP06	4	3	4	9
HEP06	4	3	5	8
HEP07	1	1	0	8
HEP07	1	1	1	7
HEP07	1	1	2	12
HEP07	1	1	3	12
HEP07	1	1	4	9
HEP07	1	1	5	7
HEP07	1	2	0	13
HEP07	1	2	1	12
HEP07	1	2	2	13
HEP07	1	2	3	12
HEP07	1	2	4	13
HEP07	1	2	5	11
HEP07	1	3	0	8
HEP07	1	3	1	10
HEP07	1	3	2	11
HEP07	1	3	3	12
HEP07	1	3	4	9
HEP07	1	3	5	8
HEP07	2	1	0	8
HEP07	2	1	1	7
HEP07	2	1	2	12
HEP07	2	1	3	12
HEP07	2	1	4	9
HEP07	2	1	5	7
HEP07	2	2	0	12
HEP07	2	2	1	12
HEP07	2	2	2	12
HEP07	2	2	3	12
HEP07	2	2	4	12
HEP07	2	2	5	11
HEP07	2	3	0	8
HEP07	2	3	1	10
HEP07	2	3	2	10
HEP07	2	3	3	11
HEP07	2	3	4	9
HEP07	2	3	5	8
HEP07	3	1	0	8
HEP07	3	1	1	7
HEP07	3	1	2	12
HEP07	3	1	3	12
HEP07	3	1	4	9
HEP07	3	1	5	7
HEP07	3	2	0	12
HEP07	3	2	1	12
HEP07	3	2	2	12
HEP07	3	2	3	12
HEP07	3	2	4	12
HEP07	3	2	5	11
HEP07	3	3	0	8
HEP07	3	3	1	10
HEP07	3	3	2	10
HEP07	3	3	3	11
HEP07	3	3	4	9
HEP07	3	3	5	8
HEP07	4	1	0	8
HEP07	4	1	1	7
HEP07	4	1	2	12
HEP07	4	1	3	12
HEP07	4	1	4	9
HEP07	4	1	5	7
HEP07	4	2	0	13
HEP07	4	2	1	12
HEP07	4	2	2	13
HEP07	4	2	3	12
HEP07	4	2	4	13
HEP07	4	2	5	11
HEP07	4	3	0	8
HEP07	4	3	1	10
HEP07	4	3	2	11
HEP07	4	3	3	12
HEP07	4	3	4	9
HEP07	4	3	5	8
HEP08	1	1	0	8
HEP08	1	1	1	7
HEP08	1	1	2	12
HEP08	1	1	3	12
HEP08	1	1	4	9
HEP08	1	1	5	7
HEP08	1	2	0	13
HEP08	1	2	1	12
HEP08	1	2	2	13
HEP08	1	2	3	12
HEP08	1	2	4	13
HEP08	1	2	5	11
HEP08	1	3	0	8
HEP08	1	3	1	10
HEP08	1	3	2	11
HEP08	1	3	3	12
HEP08	1	3	4	9
HEP08	1	3	5	8
HEP08	2	1	0	8
HEP08	2	1	1	7
HEP08	2	1	2	12
HEP08	2	1	3	12
HEP08	2	1	4	9
HEP08	2	1	5	7
HEP08	2	2	0	12
HEP08	2	2	1	12
HEP08	2	2	2	12
HEP08	2	2	3	12
HEP08	2	2	4	12
HEP08	2	2	5	11
HEP08	2	3	0	8
HEP08	2	3	1	10
HEP08	2	3	2	10
HEP08	2	3	3	11
HEP08	2	3	4	9
HEP08	2	3	5	8
HEP08	3	1	0	8
HEP08	3	1	1	7
HEP08	3	1	2	12
HEP08	3	1	3	12
HEP08	3	1	4	9
HEP08	3	1	5	7
HEP08	3	2	0	12
HEP08	3	2	1	12
HEP08	3	2	2	12
HEP08	3	2	3	12
HEP08	3	2	4	12
HEP08	3	2	5	11
HEP08	3	3	0	8
HEP08	3	3	1	10
HEP08	3	3	2	10
HEP08	3	3	3	11
HEP08	3	3	4	9
HEP08	3	3	5	8
HEP08	4	1	0	8
HEP08	4	1	1	7
HEP08	4	1	2	12
HEP08	4	1	3	12
HEP08	4	1	4	9
HEP08	4	1	5	7
HEP08	4	2	0	13
HEP08	4	2	1	12
HEP08	4	2	2	13
HEP08	4	2	3	12
HEP08	4	2	4	13
HEP08	4	2	5	11
HEP08	4	3	0	8
HEP08	4	3	1	10
HEP08	4	3	2	11
HEP08	4	3	3	12
HEP08	4	3	4	9
HEP08	4	3	5	8
HEP09	1	1	0	8
HEP09	1	1	1	7
HEP09	1	1	2	12
HEP09	1	1	3	12
HEP09	1	1	4	9
HEP09	1	1	5	7
HEP09	1	2	0	13
HEP09	1	2	1	12
HEP09	1	2	2	13
HEP09	1	2	3	12
HEP09	1	2	4	13
HEP09	1	2	5	11
HEP09	1	3	0	8
HEP09	1	3	1	10
HEP09	1	3	2	11
HEP09	1	3	3	12
HEP09	1	3	4	9
HEP09	1	3	5	8
HEP09	2	1	0	8
HEP09	2	1	1	7
HEP09	2	1	2	12
HEP09	2	1	3	12
HEP09	2	1	4	9
HEP09	2	1	5	7
HEP09	2	2	0	12
HEP09	2	2	1	12
HEP09	2	2	2	12
HEP09	2	2	3	12
HEP09	2	2	4	12
HEP09	2	2	5	11
HEP09	2	3	0	8
HEP09	2	3	1	10
HEP09	2	3	2	10
HEP09	2	3	3	11
HEP09	2	3	4	9
HEP09	2	3	5	8
HEP09	3	1	0	8
HEP09	3	1	1	7
HEP09	3	1	2	12
HEP09	3	1	3	12
HEP09	3	1	4	9
HEP09	3	1	5	7
HEP09	3	2	0	12
HEP09	3	2	1	12
HEP09	3	2	2	12
HEP09	3	2	3	12
HEP09	3	2	4	12
HEP09	3	2	5	11
HEP09	3	3	0	8
HEP09	3	3	1	10
HEP09	3	3	2	10
HEP09	3	3	3	11
HEP09	3	3	4	9
HEP09	3	3	5	8
HEP09	4	1	0	8
HEP09	4	1	1	7
HEP09	4	1	2	12
HEP09	4	1	3	12
HEP09	4	1	4	9
HEP09	4	1	5	7
HEP09	4	2	0	13
HEP09	4	2	1	12
HEP09	4	2	2	13
HEP09	4	2	3	12
HEP09	4	2	4	13
HEP09	4	2	5	11
HEP09	4	3	0	8
HEP09	4	3	1	10
HEP09	4	3	2	11
HEP09	4	3	3	12
HEP09	4	3	4	9
HEP09	4	3	5	8
HEP10	1	1	0	8
HEP10	1	1	1	7
HEP10	1	1	2	12
HEP10	1	1	3	12
HEP10	1	1	4	9
HEP10	1	1	5	7
HEP10	1	2	0	13
HEP10	1	2	1	12
HEP10	1	2	2	13
HEP10	1	2	3	12
HEP10	1	2	4	13
HEP10	1	2	5	11
HEP10	1	3	0	8
HEP10	1	3	1	10
HEP10	1	3	2	11
HEP10	1	3	3	12
HEP10	1	3	4	9
HEP10	1	3	5	8
HEP10	2	1	0	8
HEP10	2	1	1	7
HEP10	2	1	2	12
HEP10	2	1	3	12
HEP10	2	1	4	9
HEP10	2	1	5	7
HEP10	2	2	0	12
HEP10	2	2	1	12
HEP10	2	2	2	12
HEP10	2	2	3	12
HEP10	2	2	4	12
HEP10	2	2	5	11
HEP10	2	3	0	8
HEP10	2	3	1	10
HEP10	2	3	2	10
HEP10	2	3	3	11
HEP10	2	3	4	9
HEP10	2	3	5	8
HEP10	3	1	0	8
HEP10	3	1	1	7
HEP10	3	1	2	12
HEP10	3	1	3	12
HEP10	3	1	4	9
HEP10	3	1	5	7
HEP10	3	2	0	12
HEP10	3	2	1	12
HEP10	3	2	2	12
HEP10	3	2	3	12
HEP10	3	2	4	12
HEP10	3	2	5	11
HEP10	3	3	0	8
HEP10	3	3	1	10
HEP10	3	3	2	10
HEP10	3	3	3	11
HEP10	3	3	4	9
HEP10	3	3	5	8
HEP10	4	1	0	8
HEP10	4	1	1	7
HEP10	4	1	2	12
HEP10	4	1	3	12
HEP10	4	1	4	9
HEP10	4	1	5	7
HEP10	4	2	0	13
HEP10	4	2	1	12
HEP10	4	2	2	13
HEP10	4	2	3	12
HEP10	4	2	4	13
HEP10	4	2	5	11
HEP10	4	3	0	8
HEP10	4	3	1	10
HEP10	4	3	2	11
HEP10	4	3	3	12
HEP10	4	3	4	9
HEP10	4	3	5	8
HEP11	1	1	0	8
HEP11	1	1	1	7
HEP11	1	1	2	12
HEP11	1	1	3	12
HEP11	1	1	4	9
HEP11	1	1	5	7
HEP11	1	2	0	13
HEP11	1	2	1	12
HEP11	1	2	2	13
HEP11	1	2	3	12
HEP11	1	2	4	13
HEP11	1	2	5	11
HEP11	1	3	0	8
HEP11	1	3	1	10
HEP11	1	3	2	11
HEP11	1	3	3	12
HEP11	1	3	4	9
HEP11	1	3	5	8
HEP11	2	1	0	8
HEP11	2	1	1	7
HEP11	2	1	2	12
HEP11	2	1	3	12
HEP11	2	1	4	9
HEP11	2	1	5	7
HEP11	2	2	0	12
HEP11	2	2	1	12
HEP11	2	2	2	12
HEP11	2	2	3	12
HEP11	2	2	4	12
HEP11	2	2	5	11
HEP11	2	3	0	8
HEP11	2	3	1	10
HEP11	2	3	2	10
HEP11	2	3	3	11
HEP11	2	3	4	9
HEP11	2	3	5	8
HEP11	3	1	0	8
HEP11	3	1	1	7
HEP11	3	1	2	12
HEP11	3	1	3	12
HEP11	3	1	4	9
HEP11	3	1	5	7
HEP11	3	2	0	12
HEP11	3	2	1	12
HEP11	3	2	2	12
HEP11	3	2	3	12
HEP11	3	2	4	12
HEP11	3	2	5	11
HEP11	3	3	0	8
HEP11	3	3	1	10
HEP11	3	3	2	10
HEP11	3	3	3	11
HEP11	3	3	4	9
HEP11	3	3	5	8
HEP11	4	1	0	8
HEP11	4	1	1	7
HEP11	4	1	2	12
HEP11	4	1	3	12
HEP11	4	1	4	9
HEP11	4	1	5	7
HEP11	4	2	0	13
HEP11	4	2	1	12
HEP11	4	2	2	13
HEP11	4	2	3	12
HEP11	4	2	4	13
HEP11	4	2	5	11
HEP11	4	3	0	8
HEP11	4	3	1	10
HEP11	4	3	2	11
HEP11	4	3	3	12
HEP11	4	3	4	9
HEP11	4	3	5	8
HEP12	1	1	0	8
HEP12	1	1	1	7
HEP12	1	1	2	12
HEP12	1	1	3	12
HEP12	1	1	4	9
HEP12	1	1	5	7
HEP12	1	2	0	13
HEP12	1	2	1	12
HEP12	1	2	2	13
HEP12	1	2	3	12
HEP12	1	2	4	13
HEP12	1	2	5	11
HEP12	1	3	0	8
HEP12	1	3	1	10
HEP12	1	3	2	11
HEP12	1	3	3	12
HEP12	1	3	4	9
HEP12	1	3	5	8
HEP12	2	1	0	8
HEP12	2	1	1	7
HEP12	2	1	2	12
HEP12	2	1	3	12
HEP12	2	1	4	9
HEP12	2	1	5	7
HEP12	2	2	0	12
HEP12	2	2	1	12
HEP12	2	2	2	12
HEP12	2	2	3	12
HEP12	2	2	4	12
HEP12	2	2	5	11
HEP12	2	3	0	8
HEP12	2	3	1	10
HEP12	2	3	2	10
HEP12	2	3	3	11
HEP12	2	3	4	9
HEP12	2	3	5	8
HEP12	3	1	0	8
HEP12	3	1	1	7
HEP12	3	1	2	12
HEP12	3	1	3	12
HEP12	3	1	4	9
HEP12	3	1	5	7
HEP12	3	2	0	12
HEP12	3	2	1	12
HEP12	3	2	2	12
HEP12	3	2	3	12
HEP12	3	2	4	12
HEP12	3	2	5	11
HEP12	3	3	0	8
HEP12	3	3	1	10
HEP12	3	3	2	10
HEP12	3	3	3	11
HEP12	3	3	4	9
HEP12	3	3	5	8
HEP12	4	1	0	8
HEP12	4	1	1	7
HEP12	4	1	2	12
HEP12	4	1	3	12
HEP12	4	1	4	9
HEP12	4	1	5	7
HEP12	4	2	0	13
HEP12	4	2	1	12
HEP12	4	2	2	13
HEP12	4	2	3	12
HEP12	4	2	4	13
HEP12	4	2	5	11
HEP12	4	3	0	8
HEP12	4	3	1	10
HEP12	4	3	2	11
HEP12	4	3	3	12
HEP12	4	3	4	9
HEP12	4	3	5	8
HEP13	1	1	0	8
HEP13	1	1	1	7
HEP13	1	1	2	12
HEP13	1	1	3	12
HEP13	1	1	4	9
HEP13	1	1	5	7
HEP13	1	2	0	13
HEP13	1	2	1	12
HEP13	1	2	2	13
HEP13	1	2	3	12
HEP13	1	2	4	13
HEP13	1	2	5	11
HEP13	1	3	0	8
HEP13	1	3	1	10
HEP13	1	3	2	11
HEP13	1	3	3	12
HEP13	1	3	4	9
HEP13	1	3	5	8
HEP13	2	1	0	8
HEP13	2	1	1	7
HEP13	2	1	2	12
HEP13	2	1	3	12
HEP13	2	1	4	9
HEP13	2	1	5	7
HEP13	2	2	0	12
HEP13	2	2	1	12
HEP13	2	2	2	12
HEP13	2	2	3	12
HEP13	2	2	4	12
HEP13	2	2	5	11
HEP13	2	3	0	8
HEP13	2	3	1	10
HEP13	2	3	2	10
HEP13	2	3	3	11
HEP13	2	3	4	9
HEP13	2	3	5	8
HEP13	3	1	0	8
HEP13	3	1	1	7
HEP13	3	1	2	12
HEP13	3	1	3	12
HEP13	3	1	4	9
HEP13	3	1	5	7
HEP13	3	2	0	12
HEP13	3	2	1	12
HEP13	3	2	2	12
HEP13	3	2	3	12
HEP13	3	2	4	12
HEP13	3	2	5	11
HEP13	3	3	0	8
HEP13	3	3	1	10
HEP13	3	3	2	10
HEP13	3	3	3	11
HEP13	3	3	4	9
HEP13	3	3	5	8
HEP13	4	1	0	8
HEP13	4	1	1	7
HEP13	4	1	2	12
HEP13	4	1	3	12
HEP13	4	1	4	9
HEP13	4	1	5	7
HEP13	4	2	0	13
HEP13	4	2	1	12
HEP13	4	2	2	13
HEP13	4	2	3	12
HEP13	4	2	4	13
HEP13	4	2	5	11
HEP13	4	3	0	8
HEP13	4	3	1	10
HEP13	4	3	2	11
HEP13	4	3	3	12
HEP13	4	3	4	9
HEP13	4	3	5	8
HEP14	1	1	0	8
HEP14	1	1	1	7
HEP14	1	1	2	12
HEP14	1	1	3	12
HEP14	1	1	4	9
HEP14	1	1	5	7
HEP14	1	2	0	13
HEP14	1	2	1	12
HEP14	1	2	2	13
HEP14	1	2	3	12
HEP14	1	2	4	13
HEP14	1	2	5	11
HEP14	1	3	0	8
HEP14	1	3	1	10
HEP14	1	3	2	11
HEP14	1	3	3	12
HEP14	1	3	4	9
HEP14	1	3	5	8
HEP14	2	1	0	8
HEP14	2	1	1	7
HEP14	2	1	2	12
HEP14	2	1	3	12
HEP14	2	1	4	9
HEP14	2	1	5	7
HEP14	2	2	0	12
HEP14	2	2	1	12
HEP14	2	2	2	12
HEP14	2	2	3	12
HEP14	2	2	4	12
HEP14	2	2	5	11
HEP14	2	3	0	8
HEP14	2	3	1	10
HEP14	2	3	2	10
HEP14	2	3	3	11
HEP14	2	3	4	9
HEP14	2	3	5	8
HEP14	3	1	0	8
HEP14	3	1	1	7
HEP14	3	1	2	12
HEP14	3	1	3	12
HEP14	3	1	4	9
HEP14	3	1	5	7
HEP14	3	2	0	12
HEP14	3	2	1	12
HEP14	3	2	2	12
HEP14	3	2	3	12
HEP14	3	2	4	12
HEP14	3	2	5	11
HEP14	3	3	0	8
HEP14	3	3	1	10
HEP14	3	3	2	10
HEP14	3	3	3	11
HEP14	3	3	4	9
HEP14	3	3	5	8
HEP14	4	1	0	8
HEP14	4	1	1	7
HEP14	4	1	2	12
HEP14	4	1	3	12
HEP14	4	1	4	9
HEP14	4	1	5	7
HEP14	4	2	0	13
HEP14	4	2	1	12
HEP14	4	2	2	13
HEP14	4	2	3	12
HEP14	4	2	4	13
HEP14	4	2	5	11
HEP14	4	3	0	8
HEP14	4	3	1	10
HEP14	4	3	2	11
HEP14	4	3	3	12
HEP14	4	3	4	9
HEP14	4	3	5	8
HEP15	1	1	0	8
HEP15	1	1	1	7
HEP15	1	1	2	12
HEP15	1	1	3	12
HEP15	1	1	4	9
HEP15	1	1	5	7
HEP15	1	2	0	13
HEP15	1	2	1	12
HEP15	1	2	2	13
HEP15	1	2	3	12
HEP15	1	2	4	13
HEP15	1	2	5	11
HEP15	1	3	0	8
HEP15	1	3	1	10
HEP15	1	3	2	11
HEP15	1	3	3	12
HEP15	1	3	4	9
HEP15	1	3	5	8
HEP15	2	1	0	8
HEP15	2	1	1	7
HEP15	2	1	2	12
HEP15	2	1	3	12
HEP15	2	1	4	9
HEP15	2	1	5	7
HEP15	2	2	0	12
HEP15	2	2	1	12
HEP15	2	2	2	12
HEP15	2	2	3	12
HEP15	2	2	4	12
HEP15	2	2	5	11
HEP15	2	3	0	8
HEP15	2	3	1	10
HEP15	2	3	2	10
HEP15	2	3	3	11
HEP15	2	3	4	9
HEP15	2	3	5	8
HEP15	3	1	0	8
HEP15	3	1	1	7
HEP15	3	1	2	12
HEP15	3	1	3	12
HEP15	3	1	4	9
HEP15	3	1	5	7
HEP15	3	2	0	12
HEP15	3	2	1	12
HEP15	3	2	2	12
HEP15	3	2	3	12
HEP15	3	2	4	12
HEP15	3	2	5	11
HEP15	3	3	0	8
HEP15	3	3	1	10
HEP15	3	3	2	10
HEP15	3	3	3	11
HEP15	3	3	4	9
HEP15	3	3	5	8
HEP15	4	1	0	8
HEP15	4	1	1	7
HEP15	4	1	2	12
HEP15	4	1	3	12
HEP15	4	1	4	9
HEP15	4	1	5	7
HEP15	4	2	0	13
HEP15	4	2	1	12
HEP15	4	2	2	13
HEP15	4	2	3	12
HEP15	4	2	4	13
HEP15	4	2	5	11
HEP15	4	3	0	8
HEP15	4	3	1	10
HEP15	4	3	2	11
HEP15	4	3	3	12
HEP15	4	3	4	9
HEP15	4	3	5	8
HEP16	1	1	0	8
HEP16	1	1	1	7
HEP16	1	1	2	12
HEP16	1	1	3	12
HEP16	1	1	4	9
HEP16	1	1	5	7
HEP16	1	2	0	13
HEP16	1	2	1	12
HEP16	1	2	2	13
HEP16	1	2	3	12
HEP16	1	2	4	13
HEP16	1	2	5	11
HEP16	1	3	0	8
HEP16	1	3	1	10
HEP16	1	3	2	11
HEP16	1	3	3	12
HEP16	1	3	4	9
HEP16	1	3	5	8
HEP16	2	1	0	8
HEP16	2	1	1	7
HEP16	2	1	2	12
HEP16	2	1	3	12
HEP16	2	1	4	9
HEP16	2	1	5	7
HEP16	2	2	0	12
HEP16	2	2	1	12
HEP16	2	2	2	12
HEP16	2	2	3	12
HEP16	2	2	4	12
HEP16	2	2	5	11
HEP16	2	3	0	8
HEP16	2	3	1	10
HEP16	2	3	2	10
HEP16	2	3	3	11
HEP16	2	3	4	9
HEP16	2	3	5	8
HEP16	3	1	0	8
HEP16	3	1	1	7
HEP16	3	1	2	12
HEP16	3	1	3	12
HEP16	3	1	4	9
HEP16	3	1	5	7
HEP16	3	2	0	12
HEP16	3	2	1	12
HEP16	3	2	2	12
HEP16	3	2	3	12
HEP16	3	2	4	12
HEP16	3	2	5	11
HEP16	3	3	0	8
HEP16	3	3	1	10
HEP16	3	3	2	10
HEP16	3	3	3	11
HEP16	3	3	4	9
HEP16	3	3	5	8
HEP16	4	1	0	8
HEP16	4	1	1	7
HEP16	4	1	2	12
HEP16	4	1	3	12
HEP16	4	1	4	9
HEP16	4	1	5	7
HEP16	4	2	0	13
HEP16	4	2	1	12
HEP16	4	2	2	13
HEP16	4	2	3	12
HEP16	4	2	4	13
HEP16	4	2	5	11
HEP16	4	3	0	8
HEP16	4	3	1	10
HEP16	4	3	2	11
HEP16	4	3	3	12
HEP16	4	3	4	9
HEP16	4	3	5	8
HEP17	1	1	0	8
HEP17	1	1	1	7
HEP17	1	1	2	12
HEP17	1	1	3	12
HEP17	1	1	4	9
HEP17	1	1	5	7
HEP17	1	2	0	13
HEP17	1	2	1	12
HEP17	1	2	2	13
HEP17	1	2	3	12
HEP17	1	2	4	13
HEP17	1	2	5	11
HEP17	1	3	0	8
HEP17	1	3	1	10
HEP17	1	3	2	11
HEP17	1	3	3	12
HEP17	1	3	4	9
HEP17	1	3	5	8
HEP17	2	1	0	8
HEP17	2	1	1	7
HEP17	2	1	2	12
HEP17	2	1	3	12
HEP17	2	1	4	9
HEP17	2	1	5	7
HEP17	2	2	0	12
HEP17	2	2	1	12
HEP17	2	2	2	12
HEP17	2	2	3	12
HEP17	2	2	4	12
HEP17	2	2	5	11
HEP17	2	3	0	8
HEP17	2	3	1	10
HEP17	2	3	2	10
HEP17	2	3	3	11
HEP17	2	3	4	9
HEP17	2	3	5	8
HEP17	3	1	0	8
HEP17	3	1	1	7
HEP17	3	1	2	12
HEP17	3	1	3	12
HEP17	3	1	4	9
HEP17	3	1	5	7
HEP17	3	2	0	12
HEP17	3	2	1	12
HEP17	3	2	2	12
HEP17	3	2	3	12
HEP17	3	2	4	12
HEP17	3	2	5	11
HEP17	3	3	0	8
HEP17	3	3	1	10
HEP17	3	3	2	10
HEP17	3	3	3	11
HEP17	3	3	4	9
HEP17	3	3	5	8
HEP17	4	1	0	8
HEP17	4	1	1	7
HEP17	4	1	2	12
HEP17	4	1	3	12
HEP17	4	1	4	9
HEP17	4	1	5	7
HEP17	4	2	0	13
HEP17	4	2	1	12
HEP17	4	2	2	13
HEP17	4	2	3	12
HEP17	4	2	4	13
HEP17	4	2	5	11
HEP17	4	3	0	8
HEP17	4	3	1	10
HEP17	4	3	2	11
HEP17	4	3	3	12
HEP17	4	3	4	9
HEP17	4	3	5	8
HEP18	1	1	0	8
HEP18	1	1	1	7
HEP18	1	1	2	12
HEP18	1	1	3	12
HEP18	1	1	4	9
HEP18	1	1	5	7
HEP18	1	2	0	13
HEP18	1	2	1	12
HEP18	1	2	2	13
HEP18	1	2	3	12
HEP18	1	2	4	13
HEP18	1	2	5	11
HEP18	1	3	0	8
HEP18	1	3	1	10
HEP18	1	3	2	11
HEP18	1	3	3	12
HEP18	1	3	4	9
HEP18	1	3	5	8
HEP18	2	1	0	8
HEP18	2	1	1	7
HEP18	2	1	2	12
HEP18	2	1	3	12
HEP18	2	1	4	9
HEP18	2	1	5	7
HEP18	2	2	0	12
HEP18	2	2	1	12
HEP18	2	2	2	12
HEP18	2	2	3	12
HEP18	2	2	4	12
HEP18	2	2	5	11
HEP18	2	3	0	8
HEP18	2	3	1	10
HEP18	2	3	2	10
HEP18	2	3	3	11
HEP18	2	3	4	9
HEP18	2	3	5	8
HEP18	3	1	0	8
HEP18	3	1	1	7
HEP18	3	1	2	12
HEP18	3	1	3	12
HEP18	3	1	4	9
HEP18	3	1	5	7
HEP18	3	2	0	12
HEP18	3	2	1	12
HEP18	3	2	2	12
HEP18	3	2	3	12
HEP18	3	2	4	12
HEP18	3	2	5	11
HEP18	3	3	0	8
HEP18	3	3	1	10
HEP18	3	3	2	10
HEP18	3	3	3	11
HEP18	3	3	4	9
HEP18	3	3	5	8
HEP18	4	1	0	8
HEP18	4	1	1	7
HEP18	4	1	2	12
HEP18	4	1	3	12
HEP18	4	1	4	9
HEP18	4	1	5	7
HEP18	4	2	0	13
HEP18	4	2	1	12
HEP18	4	2	2	13
HEP18	4	2	3	12
HEP18	4	2	4	13
HEP18	4	2	5	11
HEP18	4	3	0	8
HEP18	4	3	1	10
HEP18	4	3	2	11
HEP18	4	3	3	12
HEP18	4	3	4	9
HEP18	4	3	5	8
