HO001	1	1	0	12
HO001	1	1	1	16
HO001	1	1	2	14
HO001	1	1	3	12
HO001	1	1	4	14
HO001	1	1	5	10
HO001	1	2	0	4
HO001	1	2	1	0
HO001	1	2	2	2
HO001	1	2	3	17
HO001	1	2	4	13
HO001	1	2	5	13
HO001	1	3	0	11
HO001	1	3	1	9
HO001	1	3	2	7
HO001	1	3	3	5
HO001	1	3	4	7
HO001	1	3	5	9
HO001	2	1	0	14
HO001	2	1	1	18
HO001	2	1	2	16
HO001	2	1	3	15
HO001	2	1	4	17
HO001	2	1	5	13
HO001	2	2	0	6
HO001	2	2	1	0
HO001	2	2	2	5
HO001	2	2	3	19
HO001	2	2	4	13
HO001	2	2	5	16
HO001	2	3	0	13
HO001	2	3	1	11
HO001	2	3	2	9
HO001	2	3	3	8
HO001	2	3	4	10
HO001	2	3	5	12
HO001	3	1	0	18
HO001	3	1	1	24
HO001	3	1	2	20
HO001	3	1	3	20
HO001	3	1	4	20
HO001	3	1	5	16
HO001	3	2	0	10
HO001	3	2	1	0
HO001	3	2	2	8
HO001	3	2	3	23
HO001	3	2	4	13
HO001	3	2	5	21
HO001	3	3	0	15
HO001	3	3	1	13
HO001	3	3	2	13
HO001	3	3	3	11
HO001	3	3	4	13
HO001	3	3	5	15
HO002	2	1	0	17
HO002	2	1	1	21
HO002	2	1	2	19
HO002	2	1	3	20
HO002	2	1	4	22
HO002	2	1	5	18
HO002	2	2	0	9
HO002	2	2	1	1
HO002	2	2	2	10
HO002	2	2	3	22
HO002	2	2	4	14
HO002	2	2	5	23
HO002	2	3	0	15
HO002	2	3	1	13
HO002	2	3	2	11
HO002	2	3	3	12
HO002	2	3	4	14
HO002	2	3	5	16
HO002	3	1	0	14
HO002	3	1	1	18
HO002	3	1	2	16
HO002	3	1	3	17
HO002	3	1	4	19
HO002	3	1	5	15
HO002	3	2	0	6
HO002	3	2	1	1
HO002	3	2	2	7
HO002	3	2	3	19
HO002	3	2	4	14
HO002	3	2	5	20
HO002	3	3	0	12
HO002	3	3	1	10
HO002	3	3	2	8
HO002	3	3	3	9
HO002	3	3	4	11
HO002	3	3	5	13
HO002	4	1	0	9
HO002	4	1	1	13
HO002	4	1	2	11
HO002	4	1	3	12
HO002	4	1	4	14
HO002	4	1	5	10
HO002	4	2	0	1
HO002	4	2	1	1
HO002	4	2	2	2
HO002	4	2	3	14
HO002	4	2	4	14
HO002	4	2	5	15
HO002	4	3	0	7
HO002	4	3	1	5
HO002	4	3	2	3
HO002	4	3	3	4
HO002	4	3	4	6
HO002	4	3	5	8
HO003	2	1	0	15
HO003	2	1	1	19
HO003	2	1	2	17
HO003	2	1	3	19
HO003	2	1	4	21
HO003	2	1	5	17
HO003	2	2	0	7
HO003	2	2	1	1
HO003	2	2	2	9
HO003	2	2	3	20
HO003	2	2	4	14
HO003	2	2	5	22
HO003	2	3	0	13
HO003	2	3	1	11
HO003	2	3	2	9
HO003	2	3	3	11
HO003	2	3	4	13
HO003	2	3	5	15
HO003	3	1	0	12
HO003	3	1	1	16
HO003	3	1	2	14
HO003	3	1	3	16
HO003	3	1	4	18
HO003	3	1	5	14
HO003	3	2	0	4
HO003	3	2	1	1
HO003	3	2	2	6
HO003	3	2	3	17
HO003	3	2	4	14
HO003	3	2	5	19
HO003	3	3	0	10
HO003	3	3	1	8
HO003	3	3	2	6
HO003	3	3	3	8
HO003	3	3	4	10
HO003	3	3	5	12
HO003	4	1	0	11
HO003	4	1	1	15
HO003	4	1	2	13
HO003	4	1	3	14
HO003	4	1	4	16
HO003	4	1	5	12
HO003	4	2	0	3
HO003	4	2	1	1
HO003	4	2	2	4
HO003	4	2	3	16
HO003	4	2	4	14
HO003	4	2	5	17
HO003	4	3	0	9
HO003	4	3	1	7
HO003	4	3	2	5
HO003	4	3	3	6
HO003	4	3	4	8
HO003	4	3	5	10
HO004	1	1	0	13
HO004	1	1	1	17
HO004	1	1	2	15
HO004	1	1	3	13
HO004	1	1	4	15
HO004	1	1	5	11
HO004	1	2	0	5
HO004	1	2	1	0
HO004	1	2	2	3
HO004	1	2	3	18
HO004	1	2	4	13
HO004	1	2	5	16
HO004	1	3	0	12
HO004	1	3	1	10
HO004	1	3	2	8
HO004	1	3	3	6
HO004	1	3	4	8
HO004	1	3	5	10
HO004	2	1	0	16
HO004	2	1	1	20
HO004	2	1	2	18
HO004	2	1	3	16
HO004	2	1	4	18
HO004	2	1	5	14
HO004	2	2	0	8
HO004	2	2	1	0
HO004	2	2	2	6
HO004	2	2	3	21
HO004	2	2	4	13
HO004	2	2	5	19
HO004	2	3	0	15
HO004	2	3	1	13
HO004	2	3	2	11
HO004	2	3	3	9
HO004	2	3	4	11
HO004	2	3	5	13
HO004	3	1	0	17
HO004	3	1	1	21
HO004	3	1	2	19
HO004	3	1	3	18
HO004	3	1	4	20
HO004	3	1	5	16
HO004	3	2	0	9
HO004	3	2	1	0
HO004	3	2	2	8
HO004	3	2	3	22
HO004	3	2	4	13
HO004	3	2	5	21
HO004	3	3	0	16
HO004	3	3	1	14
HO004	3	3	2	12
HO004	3	3	3	11
HO004	3	3	4	13
HO004	3	3	5	15
HO005	1	1	0	10
HO005	1	1	1	14
HO005	1	1	2	12
HO005	1	1	3	10
HO005	1	1	4	12
HO005	1	1	5	8
HO005	1	2	0	2
HO005	1	2	1	0
HO005	1	2	2	0
HO005	1	2	3	15
HO005	1	2	4	13
HO005	1	2	5	13
HO005	1	3	0	9
HO005	1	3	1	7
HO005	1	3	2	5
HO005	1	3	3	3
HO005	1	3	4	5
HO005	1	3	5	7
HO005	2	1	0	13
HO005	2	1	1	17
HO005	2	1	2	15
HO005	2	1	3	14
HO005	2	1	4	16
HO005	2	1	5	12
HO005	2	2	0	7
HO005	2	2	1	0
HO005	2	2	2	4
HO005	2	2	3	18
HO005	2	2	4	13
HO005	2	2	5	17
HO005	2	3	0	12
HO005	2	3	1	10
HO005	2	3	2	8
HO005	2	3	3	7
HO005	2	3	4	9
HO005	2	3	5	11
HO005	3	1	0	16
HO005	3	1	1	20
HO005	3	1	2	18
HO005	3	1	3	17
HO005	3	1	4	19
HO005	3	1	5	15
HO005	3	2	0	8
HO005	3	2	1	0
HO005	3	2	2	7
HO005	3	2	3	21
HO005	3	2	4	13
HO005	3	2	5	20
HO005	3	3	0	15
HO005	3	3	1	13
HO005	3	3	2	11
HO005	3	3	3	10
HO005	3	3	4	12
HO005	3	3	5	14
HO006	2	1	0	16
HO006	2	1	1	20
HO006	2	1	2	18
HO006	2	1	3	18
HO006	2	1	4	20
HO006	2	1	5	16
HO006	2	2	0	6
HO006	2	2	1	1
HO006	2	2	2	8
HO006	2	2	3	21
HO006	2	2	4	14
HO006	2	2	5	21
HO006	2	3	0	14
HO006	2	3	1	12
HO006	2	3	2	10
HO006	2	3	3	10
HO006	2	3	4	12
HO006	2	3	5	14
HO006	3	1	0	12
HO006	3	1	1	16
HO006	3	1	2	14
HO006	3	1	3	15
HO006	3	1	4	17
HO006	3	1	5	13
HO006	3	2	0	4
HO006	3	2	1	1
HO006	3	2	2	4
HO006	3	2	3	17
HO006	3	2	4	14
HO006	3	2	5	18
HO006	3	3	0	10
HO006	3	3	1	8
HO006	3	3	2	6
HO006	3	3	3	7
HO006	3	3	4	9
HO006	3	3	5	11
HO006	4	1	0	8
HO006	4	1	1	12
HO006	4	1	2	10
HO006	4	1	3	12
HO006	4	1	4	14
HO006	4	1	5	10
HO006	4	2	0	0
HO006	4	2	1	1
HO006	4	2	2	2
HO006	4	2	3	13
HO006	4	2	4	14
HO006	4	2	5	15
HO006	4	3	0	6
HO006	4	3	1	4
HO006	4	3	2	2
HO006	4	3	3	4
HO006	4	3	4	6
HO006	4	3	5	8
HO007	2	1	0	18
HO007	2	1	1	22
HO007	2	1	2	20
HO007	2	1	3	21
HO007	2	1	4	23
HO007	2	1	5	19
HO007	2	2	0	10
HO007	2	2	1	1
HO007	2	2	2	11
HO007	2	2	3	21
HO007	2	2	4	14
HO007	2	2	5	23
HO007	2	3	0	16
HO007	2	3	1	14
HO007	2	3	2	14
HO007	2	3	3	13
HO007	2	3	4	15
HO007	2	3	5	17
HO007	3	1	0	15
HO007	3	1	1	19
HO007	3	1	2	17
HO007	3	1	3	18
HO007	3	1	4	20
HO007	3	1	5	14
HO007	3	2	0	7
HO007	3	2	1	1
HO007	3	2	2	8
HO007	3	2	3	20
HO007	3	2	4	14
HO007	3	2	5	21
HO007	3	3	0	13
HO007	3	3	1	11
HO007	3	3	2	9
HO007	3	3	3	10
HO007	3	3	4	12
HO007	3	3	5	14
HO007	4	1	0	13
HO007	4	1	1	17
HO007	4	1	2	15
HO007	4	1	3	17
HO007	4	1	4	20
HO007	4	1	5	15
HO007	4	2	0	5
HO007	4	2	1	1
HO007	4	2	2	7
HO007	4	2	3	18
HO007	4	2	4	14
HO007	4	2	5	20
HO007	4	3	0	11
HO007	4	3	1	9
HO007	4	3	2	7
HO007	4	3	3	9
HO007	4	3	4	11
HO007	4	3	5	13
HO008	1	1	0	10
HO008	1	1	1	14
HO008	1	1	2	12
HO008	1	1	3	10
HO008	1	1	4	12
HO008	1	1	5	8
HO008	1	2	0	5
HO008	1	2	1	0
HO008	1	2	2	2
HO008	1	2	3	14
HO008	1	2	4	13
HO008	1	2	5	11
HO008	1	3	0	9
HO008	1	3	1	7
HO008	1	3	2	5
HO008	1	3	3	3
HO008	1	3	4	5
HO008	1	3	5	7
HO008	2	1	0	15
HO008	2	1	1	19
HO008	2	1	2	17
HO008	2	1	3	15
HO008	2	1	4	17
HO008	2	1	5	13
HO008	2	2	0	7
HO008	2	2	1	0
HO008	2	2	2	5
HO008	2	2	3	20
HO008	2	2	4	13
HO008	2	2	5	18
HO008	2	3	0	14
HO008	2	3	1	12
HO008	2	3	2	10
HO008	2	3	3	8
HO008	2	3	4	10
HO008	2	3	5	12
HO008	3	1	0	16
HO008	3	1	1	20
HO008	3	1	2	18
HO008	3	1	3	16
HO008	3	1	4	18
HO008	3	1	5	14
HO008	3	2	0	8
HO008	3	2	1	0
HO008	3	2	2	6
HO008	3	2	3	21
HO008	3	2	4	13
HO008	3	2	5	19
HO008	3	3	0	15
HO008	3	3	1	13
HO008	3	3	2	9
HO008	3	3	3	9
HO008	3	3	4	11
HO008	3	3	5	13
HO009	1	1	0	10
HO009	1	1	1	14
HO009	1	1	2	12
HO009	1	1	3	9
HO009	1	1	4	11
HO009	1	1	5	7
HO009	1	2	0	4
HO009	1	2	1	0
HO009	1	2	2	1
HO009	1	2	3	15
HO009	1	2	4	13
HO009	1	2	5	12
HO009	1	3	0	9
HO009	1	3	1	7
HO009	1	3	2	5
HO009	1	3	3	2
HO009	1	3	4	4
HO009	1	3	5	6
HO009	2	1	0	14
HO009	2	1	1	18
HO009	2	1	2	16
HO009	2	1	3	13
HO009	2	1	4	15
HO009	2	1	5	11
HO009	2	2	0	6
HO009	2	2	1	0
HO009	2	2	2	5
HO009	2	2	3	19
HO009	2	2	4	13
HO009	2	2	5	16
HO009	2	3	0	13
HO009	2	3	1	9
HO009	2	3	2	9
HO009	2	3	3	6
HO009	2	3	4	8
HO009	2	3	5	10
HO009	3	1	0	16
HO009	3	1	1	18
HO009	3	1	2	16
HO009	3	1	3	15
HO009	3	1	4	17
HO009	3	1	5	13
HO009	3	2	0	6
HO009	3	2	1	0
HO009	3	2	2	5
HO009	3	2	3	19
HO009	3	2	4	13
HO009	3	2	5	18
HO009	3	3	0	13
HO009	3	3	1	11
HO009	3	3	2	9
HO009	3	3	3	8
HO009	3	3	4	10
HO009	3	3	5	12
HO010	2	1	0	14
HO010	2	1	1	18
HO010	2	1	2	16
HO010	2	1	3	17
HO010	2	1	4	19
HO010	2	1	5	15
HO010	2	2	0	6
HO010	2	2	1	1
HO010	2	2	2	7
HO010	2	2	3	19
HO010	2	2	4	14
HO010	2	2	5	20
HO010	2	3	0	12
HO010	2	3	1	10
HO010	2	3	2	8
HO010	2	3	3	9
HO010	2	3	4	11
HO010	2	3	5	13
HO010	3	1	0	13
HO010	3	1	1	17
HO010	3	1	2	15
HO010	3	1	3	16
HO010	3	1	4	18
HO010	3	1	5	14
HO010	3	2	0	5
HO010	3	2	1	1
HO010	3	2	2	6
HO010	3	2	3	18
HO010	3	2	4	14
HO010	3	2	5	19
HO010	3	3	0	11
HO010	3	3	1	9
HO010	3	3	2	7
HO010	3	3	3	8
HO010	3	3	4	10
HO010	3	3	5	12
HO010	4	1	0	8
HO010	4	1	1	12
HO010	4	1	2	10
HO010	4	1	3	11
HO010	4	1	4	13
HO010	4	1	5	9
HO010	4	2	0	0
HO010	4	2	1	1
HO010	4	2	2	1
HO010	4	2	3	13
HO010	4	2	4	14
HO010	4	2	5	14
HO010	4	3	0	6
HO010	4	3	1	4
HO010	4	3	2	2
HO010	4	3	3	3
HO010	4	3	4	5
HO010	4	3	5	7
HO011	2	1	0	14
HO011	2	1	1	18
HO011	2	1	2	16
HO011	2	1	3	17
HO011	2	1	4	19
HO011	2	1	5	15
HO011	2	2	0	6
HO011	2	2	1	1
HO011	2	2	2	7
HO011	2	2	3	19
HO011	2	2	4	14
HO011	2	2	5	20
HO011	2	3	0	12
HO011	2	3	1	10
HO011	2	3	2	8
HO011	2	3	3	9
HO011	2	3	4	11
HO011	2	3	5	13
HO011	3	1	0	14
HO011	3	1	1	20
HO011	3	1	2	16
HO011	3	1	3	17
HO011	3	1	4	21
HO011	3	1	5	15
HO011	3	2	0	6
HO011	3	2	1	1
HO011	3	2	2	7
HO011	3	2	3	19
HO011	3	2	4	14
HO011	3	2	5	20
HO011	3	3	0	12
HO011	3	3	1	10
HO011	3	3	2	8
HO011	3	3	3	9
HO011	3	3	4	11
HO011	3	3	5	13
HO011	4	1	0	8
HO011	4	1	1	12
HO011	4	1	2	10
HO011	4	1	3	12
HO011	4	1	4	14
HO011	4	1	5	10
HO011	4	2	0	0
HO011	4	2	1	1
HO011	4	2	2	2
HO011	4	2	3	13
HO011	4	2	4	14
HO011	4	2	5	15
HO011	4	3	0	6
HO011	4	3	1	4
HO011	4	3	2	2
HO011	4	3	3	4
HO011	4	3	4	6
HO011	4	3	5	8
HO012	1	1	0	11
HO012	1	1	1	15
HO012	1	1	2	13
HO012	1	1	3	10
HO012	1	1	4	12
HO012	1	1	5	8
HO012	1	2	0	4
HO012	1	2	1	0
HO012	1	2	2	0
HO012	1	2	3	14
HO012	1	2	4	13
HO012	1	2	5	12
HO012	1	3	0	10
HO012	1	3	1	8
HO012	1	3	2	6
HO012	1	3	3	3
HO012	1	3	4	5
HO012	1	3	5	7
HO012	2	1	0	15
HO012	2	1	1	19
HO012	2	1	2	17
HO012	2	1	3	15
HO012	2	1	4	17
HO012	2	1	5	13
HO012	2	2	0	7
HO012	2	2	1	0
HO012	2	2	2	8
HO012	2	2	3	20
HO012	2	2	4	13
HO012	2	2	5	18
HO012	2	3	0	14
HO012	2	3	1	12
HO012	2	3	2	10
HO012	2	3	3	8
HO012	2	3	4	10
HO012	2	3	5	12
HO012	3	1	0	16
HO012	3	1	1	20
HO012	3	1	2	18
HO012	3	1	3	17
HO012	3	1	4	19
HO012	3	1	5	13
HO012	3	2	0	8
HO012	3	2	1	0
HO012	3	2	2	7
HO012	3	2	3	21
HO012	3	2	4	13
HO012	3	2	5	20
HO012	3	3	0	15
HO012	3	3	1	13
HO012	3	3	2	11
HO012	3	3	3	10
HO012	3	3	4	12
HO012	3	3	5	14
HO1M02	1	1	0	18
HO1M02	1	1	1	20
HO1M02	1	1	2	21
HO1M02	1	1	3	19
HO1M02	1	1	4	21
HO1M02	1	1	5	22
HO1M02	1	2	0	15
HO1M02	1	2	1	17
HO1M02	1	2	2	18
HO1M02	1	2	3	16
HO1M02	1	2	4	18
HO1M02	1	2	5	19
HO1M02	1	3	0	12
HO1M02	1	3	1	14
HO1M02	1	3	2	15
HO1M02	1	3	3	13
HO1M02	1	3	4	15
HO1M02	1	3	5	16
HO1M02	2	1	0	18
HO1M02	2	1	1	19
HO1M02	2	1	2	22
HO1M02	2	1	3	19
HO1M02	2	1	4	20
HO1M02	2	1	5	21
HO1M02	2	2	0	15
HO1M02	2	2	1	16
HO1M02	2	2	2	19
HO1M02	2	2	3	16
HO1M02	2	2	4	17
HO1M02	2	2	5	20
HO1M02	2	3	0	12
HO1M02	2	3	1	13
HO1M02	2	3	2	16
HO1M02	2	3	3	13
HO1M02	2	3	4	14
HO1M02	2	3	5	17
HO1M02	3	1	0	14
HO1M02	3	1	1	14
HO1M02	3	1	2	16
HO1M02	3	1	3	15
HO1M02	3	1	4	15
HO1M02	3	1	5	17
HO1M02	3	2	0	11
HO1M02	3	2	1	11
HO1M02	3	2	2	13
HO1M02	3	2	3	12
HO1M02	3	2	4	12
HO1M02	3	2	5	14
HO1M02	3	3	0	8
HO1M02	3	3	1	8
HO1M02	3	3	2	10
HO1M02	3	3	3	9
HO1M02	3	3	4	9
HO1M02	3	3	5	11
HO1M02	4	1	0	13
HO1M02	4	1	1	13
HO1M02	4	1	2	15
HO1M02	4	1	3	14
HO1M02	4	1	4	14
HO1M02	4	1	5	16
HO1M02	4	2	0	10
HO1M02	4	2	1	10
HO1M02	4	2	2	12
HO1M02	4	2	3	11
HO1M02	4	2	4	11
HO1M02	4	2	5	13
HO1M02	4	3	0	7
HO1M02	4	3	1	7
HO1M02	4	3	2	9
HO1M02	4	3	3	8
HO1M02	4	3	4	10
HO1M02	4	3	5	10
HO1M04	1	1	0	15
HO1M04	1	1	1	15
HO1M04	1	1	2	15
HO1M04	1	1	3	16
HO1M04	1	1	4	16
HO1M04	1	1	5	16
HO1M04	1	2	0	12
HO1M04	1	2	1	12
HO1M04	1	2	2	12
HO1M04	1	2	3	13
HO1M04	1	2	4	13
HO1M04	1	2	5	13
HO1M04	1	3	0	9
HO1M04	1	3	1	9
HO1M04	1	3	2	9
HO1M04	1	3	3	10
HO1M04	1	3	4	10
HO1M04	1	3	5	10
HO1M04	2	1	0	15
HO1M04	2	1	1	15
HO1M04	2	1	2	15
HO1M04	2	1	3	16
HO1M04	2	1	4	16
HO1M04	2	1	5	16
HO1M04	2	2	0	12
HO1M04	2	2	1	12
HO1M04	2	2	2	12
HO1M04	2	2	3	13
HO1M04	2	2	4	13
HO1M04	2	2	5	13
HO1M04	2	3	0	9
HO1M04	2	3	1	9
HO1M04	2	3	2	9
HO1M04	2	3	3	10
HO1M04	2	3	4	10
HO1M04	2	3	5	10
HO1M04	3	1	0	14
HO1M04	3	1	1	14
HO1M04	3	1	2	16
HO1M04	3	1	3	15
HO1M04	3	1	4	15
HO1M04	3	1	5	17
HO1M04	3	2	0	11
HO1M04	3	2	1	11
HO1M04	3	2	2	13
HO1M04	3	2	3	12
HO1M04	3	2	4	12
HO1M04	3	2	5	14
HO1M04	3	3	0	8
HO1M04	3	3	1	8
HO1M04	3	3	2	10
HO1M04	3	3	3	9
HO1M04	3	3	4	9
HO1M04	3	3	5	11
HO1M04	4	1	0	12
HO1M04	4	1	1	13
HO1M04	4	1	2	14
HO1M04	4	1	3	13
HO1M04	4	1	4	14
HO1M04	4	1	5	15
HO1M04	4	2	0	9
HO1M04	4	2	1	10
HO1M04	4	2	2	11
HO1M04	4	2	3	10
HO1M04	4	2	4	11
HO1M04	4	2	5	12
HO1M04	4	3	0	6
HO1M04	4	3	1	7
HO1M04	4	3	2	8
HO1M04	4	3	3	7
HO1M04	4	3	4	8
HO1M04	4	3	5	9
HO1M06	1	1	0	17
HO1M06	1	1	1	19
HO1M06	1	1	2	19
HO1M06	1	1	3	18
HO1M06	1	1	4	20
HO1M06	1	1	5	22
HO1M06	1	2	0	14
HO1M06	1	2	1	16
HO1M06	1	2	2	18
HO1M06	1	2	3	15
HO1M06	1	2	4	17
HO1M06	1	2	5	19
HO1M06	1	3	0	11
HO1M06	1	3	1	13
HO1M06	1	3	2	15
HO1M06	1	3	3	12
HO1M06	1	3	4	14
HO1M06	1	3	5	16
HO1M06	2	1	0	18
HO1M06	2	1	1	20
HO1M06	2	1	2	22
HO1M06	2	1	3	19
HO1M06	2	1	4	21
HO1M06	2	1	5	23
HO1M06	2	2	0	15
HO1M06	2	2	1	17
HO1M06	2	2	2	19
HO1M06	2	2	3	16
HO1M06	2	2	4	18
HO1M06	2	2	5	20
HO1M06	2	3	0	12
HO1M06	2	3	1	14
HO1M06	2	3	2	16
HO1M06	2	3	3	13
HO1M06	2	3	4	15
HO1M06	2	3	5	17
HO1M06	3	1	0	13
HO1M06	3	1	1	13
HO1M06	3	1	2	15
HO1M06	3	1	3	14
HO1M06	3	1	4	14
HO1M06	3	1	5	16
HO1M06	3	2	0	10
HO1M06	3	2	1	10
HO1M06	3	2	2	12
HO1M06	3	2	3	11
HO1M06	3	2	4	13
HO1M06	3	2	5	15
HO1M06	3	3	0	7
HO1M06	3	3	1	7
HO1M06	3	3	2	9
HO1M06	3	3	3	8
HO1M06	3	3	4	8
HO1M06	3	3	5	10
HO1M06	4	1	0	13
HO1M06	4	1	1	13
HO1M06	4	1	2	15
HO1M06	4	1	3	14
HO1M06	4	1	4	14
HO1M06	4	1	5	16
HO1M06	4	2	0	10
HO1M06	4	2	1	10
HO1M06	4	2	2	12
HO1M06	4	2	3	11
HO1M06	4	2	4	11
HO1M06	4	2	5	13
HO1M06	4	3	0	7
HO1M06	4	3	1	7
HO1M06	4	3	2	9
HO1M06	4	3	3	8
HO1M06	4	3	4	8
HO1M06	4	3	5	10
HO1M08	1	1	0	16
HO1M08	1	1	1	18
HO1M08	1	1	2	19
HO1M08	1	1	3	17
HO1M08	1	1	4	19
HO1M08	1	1	5	20
HO1M08	1	2	0	13
HO1M08	1	2	1	15
HO1M08	1	2	2	16
HO1M08	1	2	3	14
HO1M08	1	2	4	16
HO1M08	1	2	5	17
HO1M08	1	3	0	10
HO1M08	1	3	1	12
HO1M08	1	3	2	13
HO1M08	1	3	3	11
HO1M08	1	3	4	13
HO1M08	1	3	5	14
HO1M08	2	1	0	15
HO1M08	2	1	1	17
HO1M08	2	1	2	19
HO1M08	2	1	3	16
HO1M08	2	1	4	18
HO1M08	2	1	5	20
HO1M08	2	2	0	12
HO1M08	2	2	1	14
HO1M08	2	2	2	16
HO1M08	2	2	3	13
HO1M08	2	2	4	15
HO1M08	2	2	5	17
HO1M08	2	3	0	9
HO1M08	2	3	1	11
HO1M08	2	3	2	13
HO1M08	2	3	3	10
HO1M08	2	3	4	12
HO1M08	2	3	5	14
HO1M08	3	1	0	10
HO1M08	3	1	1	10
HO1M08	3	1	2	12
HO1M08	3	1	3	11
HO1M08	3	1	4	11
HO1M08	3	1	5	13
HO1M08	3	2	0	7
HO1M08	3	2	1	7
HO1M08	3	2	2	9
HO1M08	3	2	3	8
HO1M08	3	2	4	8
HO1M08	3	2	5	10
HO1M08	3	3	0	4
HO1M08	3	3	1	4
HO1M08	3	3	2	6
HO1M08	3	3	3	5
HO1M08	3	3	4	5
HO1M08	3	3	5	7
HO1M08	4	1	0	10
HO1M08	4	1	1	10
HO1M08	4	1	2	12
HO1M08	4	1	3	11
HO1M08	4	1	4	11
HO1M08	4	1	5	13
HO1M08	4	2	0	7
HO1M08	4	2	1	7
HO1M08	4	2	2	9
HO1M08	4	2	3	8
HO1M08	4	2	4	8
HO1M08	4	2	5	10
HO1M08	4	3	0	4
HO1M08	4	3	1	4
HO1M08	4	3	2	6
HO1M08	4	3	3	5
HO1M08	4	3	4	5
HO1M08	4	3	5	7
HO1M10	1	1	0	15
HO1M10	1	1	1	15
HO1M10	1	1	2	15
HO1M10	1	1	3	16
HO1M10	1	1	4	16
HO1M10	1	1	5	16
HO1M10	1	2	0	12
HO1M10	1	2	1	12
HO1M10	1	2	2	12
HO1M10	1	2	3	13
HO1M10	1	2	4	13
HO1M10	1	2	5	13
HO1M10	1	3	0	9
HO1M10	1	3	1	9
HO1M10	1	3	2	9
HO1M10	1	3	3	10
HO1M10	1	3	4	10
HO1M10	1	3	5	10
HO1M10	2	1	0	19
HO1M10	2	1	1	21
HO1M10	2	1	2	23
HO1M10	2	1	3	20
HO1M10	2	1	4	22
HO1M10	2	1	5	24
HO1M10	2	2	0	16
HO1M10	2	2	1	18
HO1M10	2	2	2	20
HO1M10	2	2	3	17
HO1M10	2	2	4	19
HO1M10	2	2	5	21
HO1M10	2	3	0	13
HO1M10	2	3	1	15
HO1M10	2	3	2	17
HO1M10	2	3	3	14
HO1M10	2	3	4	16
HO1M10	2	3	5	18
HO1M10	3	1	0	15
HO1M10	3	1	1	16
HO1M10	3	1	2	16
HO1M10	3	1	3	16
HO1M10	3	1	4	15
HO1M10	3	1	5	17
HO1M10	3	2	0	12
HO1M10	3	2	1	11
HO1M10	3	2	2	13
HO1M10	3	2	3	13
HO1M10	3	2	4	12
HO1M10	3	2	5	14
HO1M10	3	3	0	9
HO1M10	3	3	1	8
HO1M10	3	3	2	10
HO1M10	3	3	3	10
HO1M10	3	3	4	9
HO1M10	3	3	5	11
HO1M10	4	1	0	14
HO1M10	4	1	1	13
HO1M10	4	1	2	15
HO1M10	4	1	3	15
HO1M10	4	1	4	14
HO1M10	4	1	5	16
HO1M10	4	2	0	11
HO1M10	4	2	1	10
HO1M10	4	2	2	12
HO1M10	4	2	3	12
HO1M10	4	2	4	11
HO1M10	4	2	5	13
HO1M10	4	3	0	8
HO1M10	4	3	1	7
HO1M10	4	3	2	9
HO1M10	4	3	3	9
HO1M10	4	3	4	8
HO1M10	4	3	5	10
HO1M12	1	1	0	17
HO1M12	1	1	1	18
HO1M12	1	1	2	19
HO1M12	1	1	3	18
HO1M12	1	1	4	19
HO1M12	1	1	5	20
HO1M12	1	2	0	14
HO1M12	1	2	1	15
HO1M12	1	2	2	16
HO1M12	1	2	3	15
HO1M12	1	2	4	16
HO1M12	1	2	5	17
HO1M12	1	3	0	11
HO1M12	1	3	1	12
HO1M12	1	3	2	13
HO1M12	1	3	3	12
HO1M12	1	3	4	13
HO1M12	1	3	5	14
HO1M12	2	1	0	17
HO1M12	2	1	1	18
HO1M12	2	1	2	20
HO1M12	2	1	3	18
HO1M12	2	1	4	19
HO1M12	2	1	5	21
HO1M12	2	2	0	14
HO1M12	2	2	1	15
HO1M12	2	2	2	17
HO1M12	2	2	3	15
HO1M12	2	2	4	16
HO1M12	2	2	5	18
HO1M12	2	3	0	11
HO1M12	2	3	1	12
HO1M12	2	3	2	14
HO1M12	2	3	3	12
HO1M12	2	3	4	13
HO1M12	2	3	5	15
HO1M12	3	1	0	15
HO1M12	3	1	1	14
HO1M12	3	1	2	16
HO1M12	3	1	3	16
HO1M12	3	1	4	15
HO1M12	3	1	5	17
HO1M12	3	2	0	12
HO1M12	3	2	1	11
HO1M12	3	2	2	13
HO1M12	3	2	3	13
HO1M12	3	2	4	12
HO1M12	3	2	5	14
HO1M12	3	3	0	9
HO1M12	3	3	1	8
HO1M12	3	3	2	10
HO1M12	3	3	3	10
HO1M12	3	3	4	9
HO1M12	3	3	5	11
HO1M12	4	1	0	11
HO1M12	4	1	1	11
HO1M12	4	1	2	13
HO1M12	4	1	3	12
HO1M12	4	1	4	12
HO1M12	4	1	5	14
HO1M12	4	2	0	8
HO1M12	4	2	1	8
HO1M12	4	2	2	10
HO1M12	4	2	3	9
HO1M12	4	2	4	9
HO1M12	4	2	5	11
HO1M12	4	3	0	5
HO1M12	4	3	1	5
HO1M12	4	3	2	7
HO1M12	4	3	3	6
HO1M12	4	3	4	6
HO1M12	4	3	5	8
HO1P02	1	1	0	18
HO1P02	1	1	1	19
HO1P02	1	1	2	20
HO1P02	1	1	3	19
HO1P02	1	1	4	20
HO1P02	1	1	5	21
HO1P02	1	2	0	15
HO1P02	1	2	1	16
HO1P02	1	2	2	17
HO1P02	1	2	3	16
HO1P02	1	2	4	17
HO1P02	1	2	5	18
HO1P02	1	3	0	12
HO1P02	1	3	1	13
HO1P02	1	3	2	14
HO1P02	1	3	3	13
HO1P02	1	3	4	14
HO1P02	1	3	5	15
HO1P02	2	1	0	18
HO1P02	2	1	1	18
HO1P02	2	1	2	21
HO1P02	2	1	3	19
HO1P02	2	1	4	19
HO1P02	2	1	5	22
HO1P02	2	2	0	15
HO1P02	2	2	1	15
HO1P02	2	2	2	18
HO1P02	2	2	3	16
HO1P02	2	2	4	16
HO1P02	2	2	5	19
HO1P02	2	3	0	12
HO1P02	2	3	1	12
HO1P02	2	3	2	15
HO1P02	2	3	3	13
HO1P02	2	3	4	13
HO1P02	2	3	5	16
HO1P02	3	1	0	12
HO1P02	3	1	1	10
HO1P02	3	1	2	12
HO1P02	3	1	3	13
HO1P02	3	1	4	11
HO1P02	3	1	5	15
HO1P02	3	2	0	9
HO1P02	3	2	1	9
HO1P02	3	2	2	11
HO1P02	3	2	3	12
HO1P02	3	2	4	10
HO1P02	3	2	5	13
HO1P02	3	3	0	6
HO1P02	3	3	1	6
HO1P02	3	3	2	8
HO1P02	3	3	3	7
HO1P02	3	3	4	7
HO1P02	3	3	5	9
HO1P02	4	1	0	9
HO1P02	4	1	1	9
HO1P02	4	1	2	11
HO1P02	4	1	3	10
HO1P02	4	1	4	10
HO1P02	4	1	5	12
HO1P02	4	2	0	6
HO1P02	4	2	1	6
HO1P02	4	2	2	8
HO1P02	4	2	3	7
HO1P02	4	2	4	7
HO1P02	4	2	5	7
HO1P02	4	3	0	3
HO1P02	4	3	1	3
HO1P02	4	3	2	5
HO1P02	4	3	3	4
HO1P02	4	3	4	4
HO1P02	4	3	5	6
HO1P04	1	1	0	18
HO1P04	1	1	1	20
HO1P04	1	1	2	20
HO1P04	1	1	3	19
HO1P04	1	1	4	21
HO1P04	1	1	5	21
HO1P04	1	2	0	15
HO1P04	1	2	1	17
HO1P04	1	2	2	17
HO1P04	1	2	3	18
HO1P04	1	2	4	18
HO1P04	1	2	5	18
HO1P04	1	3	0	12
HO1P04	1	3	1	14
HO1P04	1	3	2	14
HO1P04	1	3	3	13
HO1P04	1	3	4	15
HO1P04	1	3	5	15
HO1P04	2	1	0	18
HO1P04	2	1	1	19
HO1P04	2	1	2	21
HO1P04	2	1	3	19
HO1P04	2	1	4	20
HO1P04	2	1	5	22
HO1P04	2	2	0	15
HO1P04	2	2	1	16
HO1P04	2	2	2	18
HO1P04	2	2	3	16
HO1P04	2	2	4	17
HO1P04	2	2	5	19
HO1P04	2	3	0	12
HO1P04	2	3	1	13
HO1P04	2	3	2	15
HO1P04	2	3	3	13
HO1P04	2	3	4	14
HO1P04	2	3	5	16
HO1P04	3	1	0	15
HO1P04	3	1	1	15
HO1P04	3	1	2	16
HO1P04	3	1	3	16
HO1P04	3	1	4	16
HO1P04	3	1	5	17
HO1P04	3	2	0	12
HO1P04	3	2	1	12
HO1P04	3	2	2	13
HO1P04	3	2	3	15
HO1P04	3	2	4	13
HO1P04	3	2	5	14
HO1P04	3	3	0	9
HO1P04	3	3	1	9
HO1P04	3	3	2	10
HO1P04	3	3	3	12
HO1P04	3	3	4	10
HO1P04	3	3	5	11
HO1P04	4	1	0	10
HO1P04	4	1	1	11
HO1P04	4	1	2	11
HO1P04	4	1	3	11
HO1P04	4	1	4	12
HO1P04	4	1	5	13
HO1P04	4	2	0	7
HO1P04	4	2	1	8
HO1P04	4	2	2	9
HO1P04	4	2	3	8
HO1P04	4	2	4	9
HO1P04	4	2	5	10
HO1P04	4	3	0	4
HO1P04	4	3	1	5
HO1P04	4	3	2	6
HO1P04	4	3	3	5
HO1P04	4	3	4	6
HO1P04	4	3	5	7
HO1P06	1	1	0	15
HO1P06	1	1	1	17
HO1P06	1	1	2	18
HO1P06	1	1	3	16
HO1P06	1	1	4	18
HO1P06	1	1	5	19
HO1P06	1	2	0	12
HO1P06	1	2	1	14
HO1P06	1	2	2	15
HO1P06	1	2	3	13
HO1P06	1	2	4	15
HO1P06	1	2	5	16
HO1P06	1	3	0	9
HO1P06	1	3	1	11
HO1P06	1	3	2	12
HO1P06	1	3	3	10
HO1P06	1	3	4	12
HO1P06	1	3	5	13
HO1P06	2	1	0	17
HO1P06	2	1	1	19
HO1P06	2	1	2	21
HO1P06	2	1	3	20
HO1P06	2	1	4	20
HO1P06	2	1	5	22
HO1P06	2	2	0	14
HO1P06	2	2	1	16
HO1P06	2	2	2	18
HO1P06	2	2	3	15
HO1P06	2	2	4	17
HO1P06	2	2	5	19
HO1P06	2	3	0	11
HO1P06	2	3	1	13
HO1P06	2	3	2	15
HO1P06	2	3	3	12
HO1P06	2	3	4	14
HO1P06	2	3	5	16
HO1P06	3	1	0	11
HO1P06	3	1	1	11
HO1P06	3	1	2	13
HO1P06	3	1	3	12
HO1P06	3	1	4	12
HO1P06	3	1	5	14
HO1P06	3	2	0	8
HO1P06	3	2	1	8
HO1P06	3	2	2	10
HO1P06	3	2	3	9
HO1P06	3	2	4	9
HO1P06	3	2	5	11
HO1P06	3	3	0	5
HO1P06	3	3	1	5
HO1P06	3	3	2	7
HO1P06	3	3	3	6
HO1P06	3	3	4	6
HO1P06	3	3	5	8
HO1P06	4	1	0	10
HO1P06	4	1	1	10
HO1P06	4	1	2	11
HO1P06	4	1	3	11
HO1P06	4	1	4	11
HO1P06	4	1	5	12
HO1P06	4	2	0	7
HO1P06	4	2	1	7
HO1P06	4	2	2	8
HO1P06	4	2	3	8
HO1P06	4	2	4	8
HO1P06	4	2	5	9
HO1P06	4	3	0	4
HO1P06	4	3	1	4
HO1P06	4	3	2	5
HO1P06	4	3	3	5
HO1P06	4	3	4	5
HO1P06	4	3	5	6
HO1P08	1	1	0	18
HO1P08	1	1	1	19
HO1P08	1	1	2	21
HO1P08	1	1	3	19
HO1P08	1	1	4	20
HO1P08	1	1	5	22
HO1P08	1	2	0	15
HO1P08	1	2	1	16
HO1P08	1	2	2	18
HO1P08	1	2	3	16
HO1P08	1	2	4	17
HO1P08	1	2	5	19
HO1P08	1	3	0	12
HO1P08	1	3	1	13
HO1P08	1	3	2	15
HO1P08	1	3	3	13
HO1P08	1	3	4	14
HO1P08	1	3	5	16
HO1P08	2	1	0	16
HO1P08	2	1	1	17
HO1P08	2	1	2	20
HO1P08	2	1	3	17
HO1P08	2	1	4	18
HO1P08	2	1	5	21
HO1P08	2	2	0	13
HO1P08	2	2	1	14
HO1P08	2	2	2	17
HO1P08	2	2	3	14
HO1P08	2	2	4	15
HO1P08	2	2	5	18
HO1P08	2	3	0	10
HO1P08	2	3	1	11
HO1P08	2	3	2	14
HO1P08	2	3	3	11
HO1P08	2	3	4	12
HO1P08	2	3	5	15
HO1P08	3	1	0	13
HO1P08	3	1	1	11
HO1P08	3	1	2	13
HO1P08	3	1	3	14
HO1P08	3	1	4	12
HO1P08	3	1	5	14
HO1P08	3	2	0	10
HO1P08	3	2	1	8
HO1P08	3	2	2	10
HO1P08	3	2	3	11
HO1P08	3	2	4	9
HO1P08	3	2	5	11
HO1P08	3	3	0	7
HO1P08	3	3	1	5
HO1P08	3	3	2	7
HO1P08	3	3	3	6
HO1P08	3	3	4	4
HO1P08	3	3	5	6
HO1P08	4	1	0	11
HO1P08	4	1	1	11
HO1P08	4	1	2	12
HO1P08	4	1	3	12
HO1P08	4	1	4	12
HO1P08	4	1	5	13
HO1P08	4	2	0	8
HO1P08	4	2	1	6
HO1P08	4	2	2	8
HO1P08	4	2	3	9
HO1P08	4	2	4	9
HO1P08	4	2	5	10
HO1P08	4	3	0	5
HO1P08	4	3	1	5
HO1P08	4	3	2	6
HO1P08	4	3	3	6
HO1P08	4	3	4	6
HO1P08	4	3	5	7
HO1P10	1	1	0	15
HO1P10	1	1	1	15
HO1P10	1	1	2	15
HO1P10	1	1	3	16
HO1P10	1	1	4	16
HO1P10	1	1	5	16
HO1P10	1	2	0	12
HO1P10	1	2	1	12
HO1P10	1	2	2	12
HO1P10	1	2	3	13
HO1P10	1	2	4	13
HO1P10	1	2	5	13
HO1P10	1	3	0	9
HO1P10	1	3	1	9
HO1P10	1	3	2	9
HO1P10	1	3	3	10
HO1P10	1	3	4	10
HO1P10	1	3	5	10
HO1P10	2	1	0	15
HO1P10	2	1	1	15
HO1P10	2	1	2	15
HO1P10	2	1	3	16
HO1P10	2	1	4	16
HO1P10	2	1	5	16
HO1P10	2	2	0	12
HO1P10	2	2	1	12
HO1P10	2	2	2	12
HO1P10	2	2	3	13
HO1P10	2	2	4	13
HO1P10	2	2	5	13
HO1P10	2	3	0	9
HO1P10	2	3	1	9
HO1P10	2	3	2	9
HO1P10	2	3	3	10
HO1P10	2	3	4	10
HO1P10	2	3	5	10
HO1P10	3	1	0	15
HO1P10	3	1	1	15
HO1P10	3	1	2	15
HO1P10	3	1	3	16
HO1P10	3	1	4	16
HO1P10	3	1	5	16
HO1P10	3	2	0	12
HO1P10	3	2	1	12
HO1P10	3	2	2	12
HO1P10	3	2	3	13
HO1P10	3	2	4	13
HO1P10	3	2	5	13
HO1P10	3	3	0	9
HO1P10	3	3	1	9
HO1P10	3	3	2	9
HO1P10	3	3	3	10
HO1P10	3	3	4	10
HO1P10	3	3	5	10
HO1P10	4	1	0	15
HO1P10	4	1	1	15
HO1P10	4	1	2	15
HO1P10	4	1	3	16
HO1P10	4	1	4	16
HO1P10	4	1	5	16
HO1P10	4	2	0	12
HO1P10	4	2	1	12
HO1P10	4	2	2	12
HO1P10	4	2	3	13
HO1P10	4	2	4	13
HO1P10	4	2	5	13
HO1P10	4	3	0	9
HO1P10	4	3	1	9
HO1P10	4	3	2	9
HO1P10	4	3	3	10
HO1P10	4	3	4	10
HO1P10	4	3	5	10
HO1P12	1	1	0	13
HO1P12	1	1	1	16
HO1P12	1	1	2	16
HO1P12	1	1	3	14
HO1P12	1	1	4	17
HO1P12	1	1	5	17
HO1P12	1	2	0	10
HO1P12	1	2	1	13
HO1P12	1	2	2	13
HO1P12	1	2	3	11
HO1P12	1	2	4	14
HO1P12	1	2	5	14
HO1P12	1	3	0	7
HO1P12	1	3	1	10
HO1P12	1	3	2	10
HO1P12	1	3	3	8
HO1P12	1	3	4	11
HO1P12	1	3	5	11
HO1P12	2	1	0	16
HO1P12	2	1	1	18
HO1P12	2	1	2	21
HO1P12	2	1	3	17
HO1P12	2	1	4	19
HO1P12	2	1	5	22
HO1P12	2	2	0	13
HO1P12	2	2	1	15
HO1P12	2	2	2	18
HO1P12	2	2	3	14
HO1P12	2	2	4	16
HO1P12	2	2	5	19
HO1P12	2	3	0	10
HO1P12	2	3	1	12
HO1P12	2	3	2	15
HO1P12	2	3	3	11
HO1P12	2	3	4	13
HO1P12	2	3	5	16
HO1P12	3	1	0	10
HO1P12	3	1	1	10
HO1P12	3	1	2	11
HO1P12	3	1	3	11
HO1P12	3	1	4	11
HO1P12	3	1	5	12
HO1P12	3	2	0	7
HO1P12	3	2	1	7
HO1P12	3	2	2	6
HO1P12	3	2	3	8
HO1P12	3	2	4	8
HO1P12	3	2	5	9
HO1P12	3	3	0	4
HO1P12	3	3	1	4
HO1P12	3	3	2	5
HO1P12	3	3	3	5
HO1P12	3	3	4	5
HO1P12	3	3	5	6
HO1P12	4	1	0	8
HO1P12	4	1	1	7
HO1P12	4	1	2	9
HO1P12	4	1	3	6
HO1P12	4	1	4	8
HO1P12	4	1	5	10
HO1P12	4	2	0	0
HO1P12	4	2	1	1
HO1P12	4	2	2	2
HO1P12	4	2	3	8
HO1P12	4	2	4	7
HO1P12	4	2	5	10
HO1P12	4	3	0	3
HO1P12	4	3	1	4
HO1P12	4	3	2	5
HO1P12	4	3	3	5
HO1P12	4	3	4	4
HO1P12	4	3	5	6
HO2M02	1	1	0	7
HO2M02	1	1	1	8
HO2M02	1	1	2	10
HO2M02	1	1	3	3
HO2M02	1	1	4	4
HO2M02	1	1	5	6
HO2M02	1	2	0	17
HO2M02	1	2	1	18
HO2M02	1	2	2	20
HO2M02	1	2	3	12
HO2M02	1	2	4	13
HO2M02	1	2	5	15
HO2M02	1	3	3	20
HO2M02	1	3	4	19
HO2M02	1	3	5	23
HO2M02	2	1	0	8
HO2M02	2	1	1	10
HO2M02	2	1	2	12
HO2M02	2	1	3	4
HO2M02	2	1	4	6
HO2M02	2	1	5	8
HO2M02	2	2	0	18
HO2M02	2	2	1	20
HO2M02	2	2	2	22
HO2M02	2	2	3	13
HO2M02	2	2	4	15
HO2M02	2	2	5	17
HO2M02	2	3	3	21
HO2M02	2	3	4	21
HO2M02	2	3	5	23
HO2M02	3	1	0	11
HO2M02	3	1	1	12
HO2M02	3	1	2	13
HO2M02	3	1	3	7
HO2M02	3	1	4	8
HO2M02	3	1	5	9
HO2M02	3	2	0	21
HO2M02	3	2	1	22
HO2M02	3	2	2	23
HO2M02	3	2	3	16
HO2M02	3	2	4	17
HO2M02	3	2	5	18
HO2M02	3	3	3	22
HO2M02	3	3	4	24
HO2M02	3	3	5	24
HO2M02	4	1	0	8
HO2M02	4	1	1	10
HO2M02	4	1	2	12
HO2M02	4	1	3	4
HO2M02	4	1	4	4
HO2M02	4	1	5	8
HO2M02	4	2	0	18
HO2M02	4	2	1	20
HO2M02	4	2	2	22
HO2M02	4	2	3	13
HO2M02	4	2	4	15
HO2M02	4	2	5	17
HO2M02	4	3	3	21
HO2M02	4	3	4	21
HO2M02	4	3	5	24
HO2M04	1	1	0	9
HO2M04	1	1	1	10
HO2M04	1	1	2	12
HO2M04	1	1	3	3
HO2M04	1	1	4	5
HO2M04	1	1	5	6
HO2M04	1	2	0	19
HO2M04	1	2	1	20
HO2M04	1	2	2	22
HO2M04	1	2	3	14
HO2M04	1	2	4	15
HO2M04	1	2	5	17
HO2M04	1	3	3	20
HO2M04	1	3	4	21
HO2M04	1	3	5	24
HO2M04	2	1	0	5
HO2M04	2	1	1	10
HO2M04	2	1	2	12
HO2M04	2	1	3	11
HO2M04	2	1	4	6
HO2M04	2	1	5	8
HO2M04	2	2	0	18
HO2M04	2	2	1	20
HO2M04	2	2	2	22
HO2M04	2	2	3	13
HO2M04	2	2	4	15
HO2M04	2	2	5	17
HO2M04	2	3	3	23
HO2M04	2	3	4	21
HO2M04	2	3	5	24
HO2M04	3	1	0	13
HO2M04	3	1	1	15
HO2M04	3	1	2	16
HO2M04	3	1	3	9
HO2M04	3	1	4	11
HO2M04	3	1	5	10
HO2M04	3	2	0	23
HO2M04	3	2	1	24
HO2M04	3	2	2	24
HO2M04	3	2	3	18
HO2M04	3	2	4	20
HO2M04	3	2	5	21
HO2M04	3	3	3	24
HO2M04	3	3	4	24
HO2M04	3	3	5	24
HO2M04	4	1	0	10
HO2M04	4	1	1	12
HO2M04	4	1	2	16
HO2M04	4	1	3	6
HO2M04	4	1	4	8
HO2M04	4	1	5	12
HO2M04	4	2	0	20
HO2M04	4	2	1	22
HO2M04	4	2	2	24
HO2M04	4	2	3	15
HO2M04	4	2	4	17
HO2M04	4	2	5	21
HO2M04	4	3	3	24
HO2M04	4	3	4	24
HO2M04	4	3	5	24
HO2M06	1	1	0	7
HO2M06	1	1	1	8
HO2M06	1	1	2	9
HO2M06	1	1	3	3
HO2M06	1	1	4	1
HO2M06	1	1	5	5
HO2M06	1	2	0	17
HO2M06	1	2	1	18
HO2M06	1	2	2	19
HO2M06	1	2	3	12
HO2M06	1	2	4	13
HO2M06	1	2	5	14
HO2M06	1	3	3	20
HO2M06	1	3	4	21
HO2M06	1	3	5	23
HO2M06	2	1	0	7
HO2M06	2	1	1	10
HO2M06	2	1	2	11
HO2M06	2	1	3	3
HO2M06	2	1	4	6
HO2M06	2	1	5	7
HO2M06	2	2	0	17
HO2M06	2	2	1	20
HO2M06	2	2	2	21
HO2M06	2	2	3	12
HO2M06	2	2	4	15
HO2M06	2	2	5	16
HO2M06	2	3	3	20
HO2M06	2	3	4	22
HO2M06	2	3	5	24
HO2M06	3	1	0	12
HO2M06	3	1	1	14
HO2M06	3	1	2	15
HO2M06	3	1	3	6
HO2M06	3	1	4	8
HO2M06	3	1	5	11
HO2M06	3	2	0	22
HO2M06	3	2	1	24
HO2M06	3	2	2	24
HO2M06	3	2	3	17
HO2M06	3	2	4	19
HO2M06	3	2	5	20
HO2M06	3	3	3	24
HO2M06	3	3	4	24
HO2M06	3	3	5	24
HO2M06	4	1	0	9
HO2M06	4	1	1	11
HO2M06	4	1	2	13
HO2M06	4	1	3	5
HO2M06	4	1	4	5
HO2M06	4	1	5	9
HO2M06	4	2	0	19
HO2M06	4	2	1	21
HO2M06	4	2	2	23
HO2M06	4	2	3	14
HO2M06	4	2	4	16
HO2M06	4	2	5	18
HO2M06	4	3	3	22
HO2M06	4	3	4	22
HO2M06	4	3	5	24
HO2M08	1	1	0	9
HO2M08	1	1	1	11
HO2M08	1	1	2	13
HO2M08	1	1	3	5
HO2M08	1	1	4	5
HO2M08	1	1	5	7
HO2M08	1	2	0	19
HO2M08	1	2	1	21
HO2M08	1	2	2	23
HO2M08	1	2	3	14
HO2M08	1	2	4	16
HO2M08	1	2	5	18
HO2M08	1	3	3	22
HO2M08	1	3	4	22
HO2M08	1	3	5	24
HO2M08	2	1	0	8
HO2M08	2	1	1	9
HO2M08	2	1	2	11
HO2M08	2	1	3	2
HO2M08	2	1	4	3
HO2M08	2	1	5	5
HO2M08	2	2	0	18
HO2M08	2	2	1	19
HO2M08	2	2	2	21
HO2M08	2	2	3	13
HO2M08	2	2	4	14
HO2M08	2	2	5	16
HO2M08	2	3	3	20
HO2M08	2	3	4	22
HO2M08	2	3	5	24
HO2M08	3	1	0	14
HO2M08	3	1	1	15
HO2M08	3	1	2	17
HO2M08	3	1	3	7
HO2M08	3	1	4	8
HO2M08	3	1	5	11
HO2M08	3	2	0	24
HO2M08	3	2	1	24
HO2M08	3	2	2	24
HO2M08	3	2	3	19
HO2M08	3	2	4	20
HO2M08	3	2	5	22
HO2M08	3	3	3	24
HO2M08	3	3	4	24
HO2M08	3	3	5	24
HO2M08	4	1	0	9
HO2M08	4	1	1	11
HO2M08	4	1	2	14
HO2M08	4	1	3	4
HO2M08	4	1	4	6
HO2M08	4	1	5	8
HO2M08	4	2	0	19
HO2M08	4	2	1	21
HO2M08	4	2	2	24
HO2M08	4	2	3	14
HO2M08	4	2	4	16
HO2M08	4	2	5	19
HO2M08	4	3	3	23
HO2M08	4	3	4	24
HO2M08	4	3	5	24
HO2M10	1	1	0	10
HO2M10	1	1	1	11
HO2M10	1	1	2	12
HO2M10	1	1	3	4
HO2M10	1	1	4	5
HO2M10	1	1	5	8
HO2M10	1	2	0	20
HO2M10	1	2	1	21
HO2M10	1	2	2	22
HO2M10	1	2	3	15
HO2M10	1	2	4	16
HO2M10	1	2	5	17
HO2M10	1	3	3	23
HO2M10	1	3	4	24
HO2M10	1	3	5	24
HO2M10	2	1	0	10
HO2M10	2	1	1	12
HO2M10	2	1	2	13
HO2M10	2	1	3	4
HO2M10	2	1	4	5
HO2M10	2	1	5	7
HO2M10	2	2	0	20
HO2M10	2	2	1	22
HO2M10	2	2	2	23
HO2M10	2	2	3	15
HO2M10	2	2	4	17
HO2M10	2	2	5	18
HO2M10	2	3	3	23
HO2M10	2	3	4	23
HO2M10	2	3	5	24
HO2M10	3	1	0	12
HO2M10	3	1	1	13
HO2M10	3	1	2	15
HO2M10	3	1	3	6
HO2M10	3	1	4	9
HO2M10	3	1	5	11
HO2M10	3	2	0	22
HO2M10	3	2	1	23
HO2M10	3	2	2	24
HO2M10	3	2	3	17
HO2M10	3	2	4	18
HO2M10	3	2	5	20
HO2M10	3	3	3	23
HO2M10	3	3	4	24
HO2M10	3	3	5	24
HO2M10	4	1	0	9
HO2M10	4	1	1	11
HO2M10	4	1	2	14
HO2M10	4	1	3	5
HO2M10	4	1	4	7
HO2M10	4	1	5	8
HO2M10	4	2	0	19
HO2M10	4	2	1	21
HO2M10	4	2	2	24
HO2M10	4	2	3	14
HO2M10	4	2	4	16
HO2M10	4	2	5	19
HO2M10	4	3	3	23
HO2M10	4	3	4	23
HO2M10	4	3	5	24
HO2M12	1	1	0	8
HO2M12	1	1	1	9
HO2M12	1	1	2	8
HO2M12	1	1	3	2
HO2M12	1	1	4	2
HO2M12	1	1	5	4
HO2M12	1	2	0	18
HO2M12	1	2	1	19
HO2M12	1	2	2	20
HO2M12	1	2	3	13
HO2M12	1	2	4	14
HO2M12	1	2	5	15
HO2M12	1	3	3	19
HO2M12	1	3	4	21
HO2M12	1	3	5	23
HO2M12	2	1	0	9
HO2M12	2	1	1	11
HO2M12	2	1	2	11
HO2M12	2	1	3	3
HO2M12	2	1	4	4
HO2M12	2	1	5	6
HO2M12	2	2	0	19
HO2M12	2	2	1	21
HO2M12	2	2	2	23
HO2M12	2	2	3	14
HO2M12	2	2	4	16
HO2M12	2	2	5	18
HO2M12	2	3	3	22
HO2M12	2	3	4	24
HO2M12	2	3	5	24
HO2M12	3	1	0	11
HO2M12	3	1	1	12
HO2M12	3	1	2	14
HO2M12	3	1	3	4
HO2M12	3	1	4	8
HO2M12	3	1	5	10
HO2M12	3	2	0	21
HO2M12	3	2	1	22
HO2M12	3	2	2	24
HO2M12	3	2	3	16
HO2M12	3	2	4	17
HO2M12	3	2	5	19
HO2M12	3	3	3	23
HO2M12	3	3	4	24
HO2M12	3	3	5	24
HO2M12	4	1	0	11
HO2M12	4	1	1	13
HO2M12	4	1	2	16
HO2M12	4	1	3	7
HO2M12	4	1	4	8
HO2M12	4	1	5	10
HO2M12	4	2	0	23
HO2M12	4	2	1	24
HO2M12	4	2	2	24
HO2M12	4	2	3	16
HO2M12	4	2	4	18
HO2M12	4	2	5	19
HO2M12	4	3	3	24
HO2M12	4	3	4	24
HO2M12	4	3	5	24
HO2P02	1	1	0	13
HO2P02	1	1	1	14
HO2P02	1	1	2	15
HO2P02	1	1	3	9
HO2P02	1	1	4	10
HO2P02	1	1	5	11
HO2P02	1	2	0	23
HO2P02	1	2	1	24
HO2P02	1	2	2	24
HO2P02	1	2	3	18
HO2P02	1	2	4	19
HO2P02	1	2	5	20
HO2P02	1	3	3	24
HO2P02	1	3	4	24
HO2P02	1	3	5	24
HO2P02	2	1	0	12
HO2P02	2	1	1	14
HO2P02	2	1	2	16
HO2P02	2	1	3	8
HO2P02	2	1	4	10
HO2P02	2	1	5	12
HO2P02	2	2	0	22
HO2P02	2	2	1	24
HO2P02	2	2	2	24
HO2P02	2	2	3	17
HO2P02	2	2	4	19
HO2P02	2	2	5	21
HO2P02	2	3	3	23
HO2P02	2	3	4	24
HO2P02	2	3	5	24
HO2P02	3	1	0	10
HO2P02	3	1	1	12
HO2P02	3	1	2	13
HO2P02	3	1	3	5
HO2P02	3	1	4	6
HO2P02	3	1	5	9
HO2P02	3	2	0	20
HO2P02	3	2	1	22
HO2P02	3	2	2	23
HO2P02	3	2	3	15
HO2P02	3	2	4	17
HO2P02	3	2	5	18
HO2P02	3	3	3	21
HO2P02	3	3	4	23
HO2P02	3	3	5	24
HO2P02	4	1	0	6
HO2P02	4	1	1	9
HO2P02	4	1	2	10
HO2P02	4	1	3	2
HO2P02	4	1	4	5
HO2P02	4	1	5	6
HO2P02	4	2	0	16
HO2P02	4	2	1	19
HO2P02	4	2	2	20
HO2P02	4	2	3	11
HO2P02	4	2	4	14
HO2P02	4	2	5	15
HO2P02	4	3	3	17
HO2P02	4	3	4	20
HO2P02	4	3	5	21
HO2P04	1	1	0	11
HO2P04	1	1	1	12
HO2P04	1	1	2	13
HO2P04	1	1	3	5
HO2P04	1	1	4	8
HO2P04	1	1	5	9
HO2P04	1	2	0	21
HO2P04	1	2	1	22
HO2P04	1	2	2	23
HO2P04	1	2	3	16
HO2P04	1	2	4	17
HO2P04	1	2	5	18
HO2P04	1	3	3	22
HO2P04	1	3	4	23
HO2P04	1	3	5	24
HO2P04	2	1	0	12
HO2P04	2	1	1	14
HO2P04	2	1	2	17
HO2P04	2	1	3	8
HO2P04	2	1	4	10
HO2P04	2	1	5	13
HO2P04	2	2	0	22
HO2P04	2	2	1	24
HO2P04	2	2	2	24
HO2P04	2	2	3	17
HO2P04	2	2	4	19
HO2P04	2	2	5	22
HO2P04	2	3	3	23
HO2P04	2	3	4	24
HO2P04	2	3	5	24
HO2P04	3	1	0	9
HO2P04	3	1	1	9
HO2P04	3	1	2	10
HO2P04	3	1	3	5
HO2P04	3	1	4	5
HO2P04	3	1	5	6
HO2P04	3	2	0	19
HO2P04	3	2	1	19
HO2P04	3	2	2	20
HO2P04	3	2	3	14
HO2P04	3	2	4	14
HO2P04	3	2	5	15
HO2P04	3	3	3	20
HO2P04	3	3	4	20
HO2P04	3	3	5	21
HO2P04	4	1	0	8
HO2P04	4	1	1	10
HO2P04	4	1	2	11
HO2P04	4	1	3	4
HO2P04	4	1	4	6
HO2P04	4	1	5	7
HO2P04	4	2	0	18
HO2P04	4	2	1	20
HO2P04	4	2	2	21
HO2P04	4	2	3	13
HO2P04	4	2	4	15
HO2P04	4	2	5	16
HO2P04	4	3	3	19
HO2P04	4	3	4	21
HO2P04	4	3	5	22
HO2P06	1	1	0	10
HO2P06	1	1	1	12
HO2P06	1	1	2	13
HO2P06	1	1	3	6
HO2P06	1	1	4	6
HO2P06	1	1	5	9
HO2P06	1	2	0	20
HO2P06	1	2	1	22
HO2P06	1	2	2	23
HO2P06	1	2	3	15
HO2P06	1	2	4	17
HO2P06	1	2	5	18
HO2P06	1	3	3	21
HO2P06	1	3	4	23
HO2P06	1	3	5	24
HO2P06	2	1	0	13
HO2P06	2	1	1	15
HO2P06	2	1	2	18
HO2P06	2	1	3	9
HO2P06	2	1	4	11
HO2P06	2	1	5	12
HO2P06	2	2	0	23
HO2P06	2	2	1	24
HO2P06	2	2	2	24
HO2P06	2	2	3	18
HO2P06	2	2	4	20
HO2P06	2	2	5	23
HO2P06	2	3	3	24
HO2P06	2	3	4	24
HO2P06	2	3	5	24
HO2P06	3	1	0	6
HO2P06	3	1	1	7
HO2P06	3	1	2	9
HO2P06	3	1	3	2
HO2P06	3	1	4	3
HO2P06	3	1	5	5
HO2P06	3	2	0	16
HO2P06	3	2	1	17
HO2P06	3	2	2	19
HO2P06	3	2	3	11
HO2P06	3	2	4	12
HO2P06	3	2	5	14
HO2P06	3	3	3	17
HO2P06	3	3	4	18
HO2P06	3	3	5	20
HO2P06	4	1	0	4
HO2P06	4	1	1	6
HO2P06	4	1	2	9
HO2P06	4	1	3	0
HO2P06	4	1	4	2
HO2P06	4	1	5	5
HO2P06	4	2	0	14
HO2P06	4	2	1	16
HO2P06	4	2	2	19
HO2P06	4	2	3	9
HO2P06	4	2	4	11
HO2P06	4	2	5	14
HO2P06	4	3	3	15
HO2P06	4	3	4	17
HO2P06	4	3	5	20
HO2P08	1	1	0	12
HO2P08	1	1	1	14
HO2P08	1	1	2	15
HO2P08	1	1	3	8
HO2P08	1	1	4	10
HO2P08	1	1	5	11
HO2P08	1	2	0	22
HO2P08	1	2	1	24
HO2P08	1	2	2	24
HO2P08	1	2	3	17
HO2P08	1	2	4	19
HO2P08	1	2	5	20
HO2P08	1	3	3	24
HO2P08	1	3	4	24
HO2P08	1	3	5	24
HO2P08	2	1	0	11
HO2P08	2	1	1	13
HO2P08	2	1	2	16
HO2P08	2	1	3	7
HO2P08	2	1	4	9
HO2P08	2	1	5	12
HO2P08	2	2	0	21
HO2P08	2	2	1	23
HO2P08	2	2	2	24
HO2P08	2	2	3	16
HO2P08	2	2	4	18
HO2P08	2	2	5	21
HO2P08	2	3	3	22
HO2P08	2	3	4	24
HO2P08	2	3	5	24
HO2P08	3	1	0	9
HO2P08	3	1	1	11
HO2P08	3	1	2	15
HO2P08	3	1	3	5
HO2P08	3	1	4	7
HO2P08	3	1	5	8
HO2P08	3	2	0	19
HO2P08	3	2	1	21
HO2P08	3	2	2	19
HO2P08	3	2	3	14
HO2P08	3	2	4	16
HO2P08	3	2	5	20
HO2P08	3	3	3	20
HO2P08	3	3	4	22
HO2P08	3	3	5	17
HO2P08	4	1	0	7
HO2P08	4	1	1	8
HO2P08	4	1	2	10
HO2P08	4	1	3	1
HO2P08	4	1	4	4
HO2P08	4	1	5	5
HO2P08	4	2	0	17
HO2P08	4	2	1	18
HO2P08	4	2	2	20
HO2P08	4	2	3	12
HO2P08	4	2	4	13
HO2P08	4	2	5	15
HO2P08	4	3	3	18
HO2P08	4	3	4	21
HO2P08	4	3	5	21
HO2P10	1	1	0	11
HO2P10	1	1	1	12
HO2P10	1	1	2	13
HO2P10	1	1	3	7
HO2P10	1	1	4	8
HO2P10	1	1	5	9
HO2P10	1	2	0	21
HO2P10	1	2	1	22
HO2P10	1	2	2	23
HO2P10	1	2	3	16
HO2P10	1	2	4	17
HO2P10	1	2	5	18
HO2P10	1	3	3	23
HO2P10	1	3	4	23
HO2P10	1	3	5	24
HO2P10	2	1	0	14
HO2P10	2	1	1	12
HO2P10	2	1	2	15
HO2P10	2	1	3	6
HO2P10	2	1	4	8
HO2P10	2	1	5	11
HO2P10	2	2	0	18
HO2P10	2	2	1	22
HO2P10	2	2	2	24
HO2P10	2	2	3	18
HO2P10	2	2	4	17
HO2P10	2	2	5	20
HO2P10	2	3	3	15
HO2P10	2	3	4	23
HO2P10	2	3	5	24
HO2P10	3	1	0	8
HO2P10	3	1	1	9
HO2P10	3	1	2	11
HO2P10	3	1	3	4
HO2P10	3	1	4	5
HO2P10	3	1	5	7
HO2P10	3	2	0	18
HO2P10	3	2	1	19
HO2P10	3	2	2	21
HO2P10	3	2	3	13
HO2P10	3	2	4	14
HO2P10	3	2	5	16
HO2P10	3	3	3	19
HO2P10	3	3	4	23
HO2P10	3	3	5	22
HO2P10	4	1	0	6
HO2P10	4	1	1	8
HO2P10	4	1	2	10
HO2P10	4	1	3	2
HO2P10	4	1	4	4
HO2P10	4	1	5	6
HO2P10	4	2	0	16
HO2P10	4	2	1	18
HO2P10	4	2	2	20
HO2P10	4	2	3	11
HO2P10	4	2	4	13
HO2P10	4	2	5	15
HO2P10	4	3	3	17
HO2P10	4	3	4	21
HO2P10	4	3	5	21
HO2P12	1	1	0	15
HO2P12	1	1	1	15
HO2P12	1	1	2	15
HO2P12	1	1	3	11
HO2P12	1	1	4	11
HO2P12	1	1	5	11
HO2P12	1	2	0	25
HO2P12	1	2	1	25
HO2P12	1	2	2	25
HO2P12	1	2	3	20
HO2P12	1	2	4	20
HO2P12	1	2	5	20
HO2P12	1	3	3	26
HO2P12	1	3	4	26
HO2P12	1	3	5	26
HO2P12	2	1	0	15
HO2P12	2	1	1	15
HO2P12	2	1	2	15
HO2P12	2	1	3	11
HO2P12	2	1	4	11
HO2P12	2	1	5	11
HO2P12	2	2	0	25
HO2P12	2	2	1	25
HO2P12	2	2	2	25
HO2P12	2	2	3	20
HO2P12	2	2	4	20
HO2P12	2	2	5	20
HO2P12	2	3	3	26
HO2P12	2	3	4	26
HO2P12	2	3	5	26
HO2P12	3	1	0	15
HO2P12	3	1	1	15
HO2P12	3	1	2	15
HO2P12	3	1	3	11
HO2P12	3	1	4	11
HO2P12	3	1	5	11
HO2P12	3	2	0	25
HO2P12	3	2	1	25
HO2P12	3	2	2	25
HO2P12	3	2	3	20
HO2P12	3	2	4	20
HO2P12	3	2	5	20
HO2P12	3	3	3	26
HO2P12	3	3	4	26
HO2P12	3	3	5	26
HO2P12	4	1	0	15
HO2P12	4	1	1	15
HO2P12	4	1	2	15
HO2P12	4	1	3	11
HO2P12	4	1	4	11
HO2P12	4	1	5	11
HO2P12	4	2	0	25
HO2P12	4	2	1	25
HO2P12	4	2	2	25
HO2P12	4	2	3	20
HO2P12	4	2	4	20
HO2P12	4	2	5	20
HO2P12	4	3	3	26
HO2P12	4	3	4	26
HO2P12	4	3	5	26
