HBM01	1	1	0	10
HBM01	1	1	1	10
HBM01	1	1	2	10
HBM01	1	1	3	10
HBM01	1	1	4	10
HBM01	1	1	5	11
HBM01	1	2	0	13
HBM01	1	2	1	16
HBM01	1	2	2	19
HBM01	1	2	3	11
HBM01	1	2	4	14
HBM01	1	2	5	17
HBM01	1	3	0	12
HBM01	1	3	1	15
HBM01	1	3	2	18
HBM01	1	3	3	13
HBM01	1	3	4	16
HBM01	1	3	5	20
HBM01	2	1	0	12
HBM01	2	1	1	12
HBM01	2	1	2	12
HBM01	2	1	3	12
HBM01	2	1	4	12
HBM01	2	1	5	13
HBM01	2	2	0	15
HBM01	2	2	1	18
HBM01	2	2	2	21
HBM01	2	2	3	13
HBM01	2	2	4	16
HBM01	2	2	5	19
HBM01	2	3	0	14
HBM01	2	3	1	17
HBM01	2	3	2	20
HBM01	2	3	3	15
HBM01	2	3	4	18
HBM01	2	3	5	22
HBM01	3	1	0	9
HBM01	3	1	1	9
HBM01	3	1	2	9
HBM01	3	1	3	9
HBM01	3	1	4	9
HBM01	3	1	5	10
HBM01	3	2	0	12
HBM01	3	2	1	15
HBM01	3	2	2	18
HBM01	3	2	3	10
HBM01	3	2	4	13
HBM01	3	2	5	16
HBM01	3	3	0	11
HBM01	3	3	1	14
HBM01	3	3	2	17
HBM01	3	3	3	12
HBM01	3	3	4	15
HBM01	3	3	5	19
HBM01	4	1	0	10
HBM01	4	1	1	10
HBM01	4	1	2	10
HBM01	4	1	3	10
HBM01	4	1	4	10
HBM01	4	1	5	11
HBM01	4	2	0	13
HBM01	4	2	1	16
HBM01	4	2	2	19
HBM01	4	2	3	11
HBM01	4	2	4	14
HBM01	4	2	5	17
HBM01	4	3	0	12
HBM01	4	3	1	15
HBM01	4	3	2	18
HBM01	4	3	3	13
HBM01	4	3	4	16
HBM01	4	3	5	20
HBM02	1	1	0	10
HBM02	1	1	1	10
HBM02	1	1	2	10
HBM02	1	1	3	10
HBM02	1	1	4	10
HBM02	1	1	5	11
HBM02	1	2	0	13
HBM02	1	2	1	16
HBM02	1	2	2	19
HBM02	1	2	3	11
HBM02	1	2	4	14
HBM02	1	2	5	17
HBM02	1	3	0	12
HBM02	1	3	1	15
HBM02	1	3	2	18
HBM02	1	3	3	13
HBM02	1	3	4	16
HBM02	1	3	5	20
HBM02	2	1	0	10
HBM02	2	1	1	10
HBM02	2	1	2	10
HBM02	2	1	3	10
HBM02	2	1	4	10
HBM02	2	1	5	11
HBM02	2	2	0	13
HBM02	2	2	1	16
HBM02	2	2	2	19
HBM02	2	2	3	11
HBM02	2	2	4	14
HBM02	2	2	5	17
HBM02	2	3	0	12
HBM02	2	3	1	15
HBM02	2	3	2	18
HBM02	2	3	3	13
HBM02	2	3	4	16
HBM02	2	3	5	20
HBM02	3	1	0	8
HBM02	3	1	1	8
HBM02	3	1	2	8
HBM02	3	1	3	8
HBM02	3	1	4	8
HBM02	3	1	5	9
HBM02	3	2	0	11
HBM02	3	2	1	14
HBM02	3	2	2	17
HBM02	3	2	3	9
HBM02	3	2	4	12
HBM02	3	2	5	15
HBM02	3	3	0	10
HBM02	3	3	1	13
HBM02	3	3	2	16
HBM02	3	3	3	11
HBM02	3	3	4	14
HBM02	3	3	5	18
HBM02	4	1	0	6
HBM02	4	1	1	6
HBM02	4	1	2	6
HBM02	4	1	3	6
HBM02	4	1	4	6
HBM02	4	1	5	7
HBM02	4	2	0	9
HBM02	4	2	1	12
HBM02	4	2	2	15
HBM02	4	2	3	7
HBM02	4	2	4	10
HBM02	4	2	5	13
HBM02	4	3	0	8
HBM02	4	3	1	11
HBM02	4	3	2	14
HBM02	4	3	3	9
HBM02	4	3	4	12
HBM02	4	3	5	16
HBM03	1	1	0	10
HBM03	1	1	1	10
HBM03	1	1	2	10
HBM03	1	1	3	10
HBM03	1	1	4	10
HBM03	1	1	5	11
HBM03	1	2	0	13
HBM03	1	2	1	16
HBM03	1	2	2	19
HBM03	1	2	3	11
HBM03	1	2	4	14
HBM03	1	2	5	17
HBM03	1	3	0	12
HBM03	1	3	1	15
HBM03	1	3	2	18
HBM03	1	3	3	13
HBM03	1	3	4	16
HBM03	1	3	5	20
HBM03	2	1	0	10
HBM03	2	1	1	10
HBM03	2	1	2	10
HBM03	2	1	3	10
HBM03	2	1	4	10
HBM03	2	1	5	11
HBM03	2	2	0	13
HBM03	2	2	1	16
HBM03	2	2	2	19
HBM03	2	2	3	11
HBM03	2	2	4	14
HBM03	2	2	5	17
HBM03	2	3	0	12
HBM03	2	3	1	15
HBM03	2	3	2	18
HBM03	2	3	3	13
HBM03	2	3	4	16
HBM03	2	3	5	20
HBM03	3	1	0	9
HBM03	3	1	1	9
HBM03	3	1	2	9
HBM03	3	1	3	9
HBM03	3	1	4	9
HBM03	3	1	5	10
HBM03	3	2	0	12
HBM03	3	2	1	15
HBM03	3	2	2	18
HBM03	3	2	3	10
HBM03	3	2	4	13
HBM03	3	2	5	16
HBM03	3	3	0	11
HBM03	3	3	1	14
HBM03	3	3	2	17
HBM03	3	3	3	12
HBM03	3	3	4	15
HBM03	3	3	5	19
HBM03	4	1	0	9
HBM03	4	1	1	9
HBM03	4	1	2	9
HBM03	4	1	3	9
HBM03	4	1	4	9
HBM03	4	1	5	10
HBM03	4	2	0	12
HBM03	4	2	1	15
HBM03	4	2	2	18
HBM03	4	2	3	10
HBM03	4	2	4	13
HBM03	4	2	5	16
HBM03	4	3	0	11
HBM03	4	3	1	14
HBM03	4	3	2	17
HBM03	4	3	3	12
HBM03	4	3	4	15
HBM03	4	3	5	19
HBM04	1	1	0	11
HBM04	1	1	1	11
HBM04	1	1	2	11
HBM04	1	1	3	11
HBM04	1	1	4	11
HBM04	1	1	5	12
HBM04	1	2	0	14
HBM04	1	2	1	17
HBM04	1	2	2	20
HBM04	1	2	3	12
HBM04	1	2	4	15
HBM04	1	2	5	18
HBM04	1	3	0	13
HBM04	1	3	1	16
HBM04	1	3	2	19
HBM04	1	3	3	14
HBM04	1	3	4	17
HBM04	1	3	5	21
HBM04	2	1	0	9
HBM04	2	1	1	9
HBM04	2	1	2	9
HBM04	2	1	3	9
HBM04	2	1	4	9
HBM04	2	1	5	10
HBM04	2	2	0	12
HBM04	2	2	1	15
HBM04	2	2	2	18
HBM04	2	2	3	10
HBM04	2	2	4	13
HBM04	2	2	5	16
HBM04	2	3	0	11
HBM04	2	3	1	14
HBM04	2	3	2	17
HBM04	2	3	3	12
HBM04	2	3	4	15
HBM04	2	3	5	19
HBM04	3	1	0	10
HBM04	3	1	1	10
HBM04	3	1	2	10
HBM04	3	1	3	10
HBM04	3	1	4	10
HBM04	3	1	5	11
HBM04	3	2	0	13
HBM04	3	2	1	16
HBM04	3	2	2	19
HBM04	3	2	3	11
HBM04	3	2	4	14
HBM04	3	2	5	17
HBM04	3	3	0	12
HBM04	3	3	1	15
HBM04	3	3	2	18
HBM04	3	3	3	13
HBM04	3	3	4	16
HBM04	3	3	5	20
HBM04	4	1	0	9
HBM04	4	1	1	9
HBM04	4	1	2	9
HBM04	4	1	3	9
HBM04	4	1	4	9
HBM04	4	1	5	10
HBM04	4	2	0	12
HBM04	4	2	1	15
HBM04	4	2	2	18
HBM04	4	2	3	10
HBM04	4	2	4	13
HBM04	4	2	5	16
HBM04	4	3	0	11
HBM04	4	3	1	14
HBM04	4	3	2	17
HBM04	4	3	3	12
HBM04	4	3	4	15
HBM04	4	3	5	19
HBM05	1	1	0	8
HBM05	1	1	1	8
HBM05	1	1	2	8
HBM05	1	1	3	8
HBM05	1	1	4	8
HBM05	1	1	5	9
HBM05	1	2	0	11
HBM05	1	2	1	14
HBM05	1	2	2	17
HBM05	1	2	3	9
HBM05	1	2	4	12
HBM05	1	2	5	15
HBM05	1	3	0	10
HBM05	1	3	1	13
HBM05	1	3	2	16
HBM05	1	3	3	11
HBM05	1	3	4	14
HBM05	1	3	5	18
HBM05	2	1	0	9
HBM05	2	1	1	9
HBM05	2	1	2	9
HBM05	2	1	3	9
HBM05	2	1	4	9
HBM05	2	1	5	10
HBM05	2	2	0	12
HBM05	2	2	1	15
HBM05	2	2	2	18
HBM05	2	2	3	10
HBM05	2	2	4	13
HBM05	2	2	5	16
HBM05	2	3	0	11
HBM05	2	3	1	14
HBM05	2	3	2	17
HBM05	2	3	3	12
HBM05	2	3	4	15
HBM05	2	3	5	19
HBM05	3	1	0	6
HBM05	3	1	1	6
HBM05	3	1	2	6
HBM05	3	1	3	6
HBM05	3	1	4	6
HBM05	3	1	5	7
HBM05	3	2	0	9
HBM05	3	2	1	12
HBM05	3	2	2	15
HBM05	3	2	3	7
HBM05	3	2	4	10
HBM05	3	2	5	13
HBM05	3	3	0	8
HBM05	3	3	1	11
HBM05	3	3	2	14
HBM05	3	3	3	9
HBM05	3	3	4	12
HBM05	3	3	5	16
HBM05	4	1	0	5
HBM05	4	1	1	5
HBM05	4	1	2	5
HBM05	4	1	3	5
HBM05	4	1	4	5
HBM05	4	1	5	6
HBM05	4	2	0	8
HBM05	4	2	1	11
HBM05	4	2	2	14
HBM05	4	2	3	6
HBM05	4	2	4	9
HBM05	4	2	5	12
HBM05	4	3	0	7
HBM05	4	3	1	10
HBM05	4	3	2	13
HBM05	4	3	3	8
HBM05	4	3	4	11
HBM05	4	3	5	15
HBM06	1	1	0	9
HBM06	1	1	1	9
HBM06	1	1	2	9
HBM06	1	1	3	9
HBM06	1	1	4	9
HBM06	1	1	5	10
HBM06	1	2	0	12
HBM06	1	2	1	15
HBM06	1	2	2	18
HBM06	1	2	3	10
HBM06	1	2	4	13
HBM06	1	2	5	16
HBM06	1	3	0	11
HBM06	1	3	1	14
HBM06	1	3	2	17
HBM06	1	3	3	12
HBM06	1	3	4	15
HBM06	1	3	5	19
HBM06	2	1	0	9
HBM06	2	1	1	9
HBM06	2	1	2	9
HBM06	2	1	3	9
HBM06	2	1	4	9
HBM06	2	1	5	10
HBM06	2	2	0	12
HBM06	2	2	1	15
HBM06	2	2	2	18
HBM06	2	2	3	10
HBM06	2	2	4	13
HBM06	2	2	5	16
HBM06	2	3	0	11
HBM06	2	3	1	14
HBM06	2	3	2	17
HBM06	2	3	3	12
HBM06	2	3	4	15
HBM06	2	3	5	19
HBM06	3	1	0	9
HBM06	3	1	1	9
HBM06	3	1	2	9
HBM06	3	1	3	9
HBM06	3	1	4	9
HBM06	3	1	5	10
HBM06	3	2	0	12
HBM06	3	2	1	15
HBM06	3	2	2	18
HBM06	3	2	3	10
HBM06	3	2	4	13
HBM06	3	2	5	16
HBM06	3	3	0	11
HBM06	3	3	1	14
HBM06	3	3	2	17
HBM06	3	3	3	12
HBM06	3	3	4	15
HBM06	3	3	5	19
HBM06	4	1	0	8
HBM06	4	1	1	8
HBM06	4	1	2	8
HBM06	4	1	3	8
HBM06	4	1	4	8
HBM06	4	1	5	9
HBM06	4	2	0	11
HBM06	4	2	1	14
HBM06	4	2	2	17
HBM06	4	2	3	9
HBM06	4	2	4	12
HBM06	4	2	5	15
HBM06	4	3	0	10
HBM06	4	3	1	13
HBM06	4	3	2	16
HBM06	4	3	3	11
HBM06	4	3	4	14
HBM06	4	3	5	18
HBM07	1	1	0	8
HBM07	1	1	1	8
HBM07	1	1	2	8
HBM07	1	1	3	8
HBM07	1	1	4	8
HBM07	1	1	5	9
HBM07	1	2	0	11
HBM07	1	2	1	14
HBM07	1	2	2	17
HBM07	1	2	3	9
HBM07	1	2	4	12
HBM07	1	2	5	15
HBM07	1	3	0	10
HBM07	1	3	1	13
HBM07	1	3	2	16
HBM07	1	3	3	11
HBM07	1	3	4	14
HBM07	1	3	5	18
HBM07	2	1	0	11
HBM07	2	1	1	11
HBM07	2	1	2	11
HBM07	2	1	3	11
HBM07	2	1	4	11
HBM07	2	1	5	12
HBM07	2	2	0	14
HBM07	2	2	1	17
HBM07	2	2	2	20
HBM07	2	2	3	12
HBM07	2	2	4	15
HBM07	2	2	5	18
HBM07	2	3	0	13
HBM07	2	3	1	16
HBM07	2	3	2	19
HBM07	2	3	3	14
HBM07	2	3	4	17
HBM07	2	3	5	21
HBM07	3	1	0	8
HBM07	3	1	1	8
HBM07	3	1	2	8
HBM07	3	1	3	8
HBM07	3	1	4	8
HBM07	3	1	5	9
HBM07	3	2	0	11
HBM07	3	2	1	14
HBM07	3	2	2	17
HBM07	3	2	3	9
HBM07	3	2	4	12
HBM07	3	2	5	15
HBM07	3	3	0	10
HBM07	3	3	1	13
HBM07	3	3	2	16
HBM07	3	3	3	11
HBM07	3	3	4	14
HBM07	3	3	5	18
HBM07	4	1	0	7
HBM07	4	1	1	7
HBM07	4	1	2	7
HBM07	4	1	3	7
HBM07	4	1	4	7
HBM07	4	1	5	8
HBM07	4	2	0	10
HBM07	4	2	1	13
HBM07	4	2	2	16
HBM07	4	2	3	8
HBM07	4	2	4	11
HBM07	4	2	5	14
HBM07	4	3	0	9
HBM07	4	3	1	12
HBM07	4	3	2	15
HBM07	4	3	3	10
HBM07	4	3	4	13
HBM07	4	3	5	17
HBM08	1	1	0	9
HBM08	1	1	1	9
HBM08	1	1	2	9
HBM08	1	1	3	9
HBM08	1	1	4	9
HBM08	1	1	5	10
HBM08	1	2	0	12
HBM08	1	2	1	15
HBM08	1	2	2	18
HBM08	1	2	3	10
HBM08	1	2	4	13
HBM08	1	2	5	16
HBM08	1	3	0	11
HBM08	1	3	1	14
HBM08	1	3	2	17
HBM08	1	3	3	12
HBM08	1	3	4	15
HBM08	1	3	5	19
HBM08	2	1	0	10
HBM08	2	1	1	10
HBM08	2	1	2	10
HBM08	2	1	3	10
HBM08	2	1	4	10
HBM08	2	1	5	11
HBM08	2	2	0	13
HBM08	2	2	1	16
HBM08	2	2	2	19
HBM08	2	2	3	11
HBM08	2	2	4	14
HBM08	2	2	5	17
HBM08	2	3	0	12
HBM08	2	3	1	15
HBM08	2	3	2	18
HBM08	2	3	3	13
HBM08	2	3	4	16
HBM08	2	3	5	20
HBM08	3	1	0	8
HBM08	3	1	1	8
HBM08	3	1	2	8
HBM08	3	1	3	8
HBM08	3	1	4	8
HBM08	3	1	5	9
HBM08	3	2	0	11
HBM08	3	2	1	14
HBM08	3	2	2	17
HBM08	3	2	3	9
HBM08	3	2	4	12
HBM08	3	2	5	15
HBM08	3	3	0	10
HBM08	3	3	1	13
HBM08	3	3	2	16
HBM08	3	3	3	11
HBM08	3	3	4	14
HBM08	3	3	5	18
HBM08	4	1	0	7
HBM08	4	1	1	7
HBM08	4	1	2	7
HBM08	4	1	3	7
HBM08	4	1	4	7
HBM08	4	1	5	8
HBM08	4	2	0	10
HBM08	4	2	1	13
HBM08	4	2	2	16
HBM08	4	2	3	8
HBM08	4	2	4	11
HBM08	4	2	5	14
HBM08	4	3	0	9
HBM08	4	3	1	12
HBM08	4	3	2	15
HBM08	4	3	3	10
HBM08	4	3	4	13
HBM08	4	3	5	17
HBM09	1	1	0	10
HBM09	1	1	1	10
HBM09	1	1	2	10
HBM09	1	1	3	10
HBM09	1	1	4	10
HBM09	1	1	5	11
HBM09	1	2	0	13
HBM09	1	2	1	16
HBM09	1	2	2	19
HBM09	1	2	3	11
HBM09	1	2	4	14
HBM09	1	2	5	17
HBM09	1	3	0	12
HBM09	1	3	1	15
HBM09	1	3	2	18
HBM09	1	3	3	13
HBM09	1	3	4	16
HBM09	1	3	5	20
HBM09	2	1	0	11
HBM09	2	1	1	11
HBM09	2	1	2	11
HBM09	2	1	3	11
HBM09	2	1	4	11
HBM09	2	1	5	12
HBM09	2	2	0	14
HBM09	2	2	1	17
HBM09	2	2	2	20
HBM09	2	2	3	12
HBM09	2	2	4	15
HBM09	2	2	5	18
HBM09	2	3	0	13
HBM09	2	3	1	16
HBM09	2	3	2	19
HBM09	2	3	3	14
HBM09	2	3	4	17
HBM09	2	3	5	21
HBM09	3	1	0	9
HBM09	3	1	1	9
HBM09	3	1	2	9
HBM09	3	1	3	9
HBM09	3	1	4	9
HBM09	3	1	5	10
HBM09	3	2	0	12
HBM09	3	2	1	15
HBM09	3	2	2	18
HBM09	3	2	3	10
HBM09	3	2	4	13
HBM09	3	2	5	16
HBM09	3	3	0	11
HBM09	3	3	1	14
HBM09	3	3	2	17
HBM09	3	3	3	12
HBM09	3	3	4	15
HBM09	3	3	5	19
HBM09	4	1	0	8
HBM09	4	1	1	8
HBM09	4	1	2	8
HBM09	4	1	3	8
HBM09	4	1	4	8
HBM09	4	1	5	9
HBM09	4	2	0	11
HBM09	4	2	1	14
HBM09	4	2	2	17
HBM09	4	2	3	9
HBM09	4	2	4	12
HBM09	4	2	5	15
HBM09	4	3	0	10
HBM09	4	3	1	13
HBM09	4	3	2	16
HBM09	4	3	3	11
HBM09	4	3	4	14
HBM09	4	3	5	18
HBM10	1	1	0	10
HBM10	1	1	1	10
HBM10	1	1	2	10
HBM10	1	1	3	10
HBM10	1	1	4	10
HBM10	1	1	5	11
HBM10	1	2	0	13
HBM10	1	2	1	16
HBM10	1	2	2	19
HBM10	1	2	3	11
HBM10	1	2	4	14
HBM10	1	2	5	17
HBM10	1	3	0	12
HBM10	1	3	1	15
HBM10	1	3	2	18
HBM10	1	3	3	13
HBM10	1	3	4	16
HBM10	1	3	5	20
HBM10	2	1	0	11
HBM10	2	1	1	11
HBM10	2	1	2	11
HBM10	2	1	3	11
HBM10	2	1	4	11
HBM10	2	1	5	12
HBM10	2	2	0	14
HBM10	2	2	1	17
HBM10	2	2	2	20
HBM10	2	2	3	12
HBM10	2	2	4	15
HBM10	2	2	5	18
HBM10	2	3	0	13
HBM10	2	3	1	16
HBM10	2	3	2	19
HBM10	2	3	3	14
HBM10	2	3	4	17
HBM10	2	3	5	21
HBM10	3	1	0	9
HBM10	3	1	1	9
HBM10	3	1	2	9
HBM10	3	1	3	9
HBM10	3	1	4	9
HBM10	3	1	5	10
HBM10	3	2	0	12
HBM10	3	2	1	15
HBM10	3	2	2	18
HBM10	3	2	3	10
HBM10	3	2	4	13
HBM10	3	2	5	16
HBM10	3	3	0	11
HBM10	3	3	1	14
HBM10	3	3	2	17
HBM10	3	3	3	12
HBM10	3	3	4	15
HBM10	3	3	5	19
HBM10	4	1	0	10
HBM10	4	1	1	10
HBM10	4	1	2	10
HBM10	4	1	3	10
HBM10	4	1	4	10
HBM10	4	1	5	11
HBM10	4	2	0	13
HBM10	4	2	1	16
HBM10	4	2	2	19
HBM10	4	2	3	11
HBM10	4	2	4	14
HBM10	4	2	5	17
HBM10	4	3	0	12
HBM10	4	3	1	15
HBM10	4	3	2	18
HBM10	4	3	3	13
HBM10	4	3	4	16
HBM10	4	3	5	20
HBM11	1	1	0	8
HBM11	1	1	1	8
HBM11	1	1	2	8
HBM11	1	1	3	8
HBM11	1	1	4	8
HBM11	1	1	5	9
HBM11	1	2	0	11
HBM11	1	2	1	14
HBM11	1	2	2	17
HBM11	1	2	3	9
HBM11	1	2	4	12
HBM11	1	2	5	15
HBM11	1	3	0	10
HBM11	1	3	1	13
HBM11	1	3	2	16
HBM11	1	3	3	11
HBM11	1	3	4	14
HBM11	1	3	5	18
HBM11	2	1	0	9
HBM11	2	1	1	9
HBM11	2	1	2	9
HBM11	2	1	3	9
HBM11	2	1	4	9
HBM11	2	1	5	10
HBM11	2	2	0	12
HBM11	2	2	1	15
HBM11	2	2	2	18
HBM11	2	2	3	10
HBM11	2	2	4	13
HBM11	2	2	5	16
HBM11	2	3	0	11
HBM11	2	3	1	14
HBM11	2	3	2	17
HBM11	2	3	3	12
HBM11	2	3	4	15
HBM11	2	3	5	19
HBM11	3	1	0	8
HBM11	3	1	1	8
HBM11	3	1	2	8
HBM11	3	1	3	8
HBM11	3	1	4	8
HBM11	3	1	5	9
HBM11	3	2	0	11
HBM11	3	2	1	14
HBM11	3	2	2	17
HBM11	3	2	3	9
HBM11	3	2	4	12
HBM11	3	2	5	15
HBM11	3	3	0	10
HBM11	3	3	1	13
HBM11	3	3	2	16
HBM11	3	3	3	11
HBM11	3	3	4	14
HBM11	3	3	5	18
HBM11	4	1	0	8
HBM11	4	1	1	8
HBM11	4	1	2	8
HBM11	4	1	3	8
HBM11	4	1	4	8
HBM11	4	1	5	9
HBM11	4	2	0	11
HBM11	4	2	1	14
HBM11	4	2	2	17
HBM11	4	2	3	9
HBM11	4	2	4	12
HBM11	4	2	5	15
HBM11	4	3	0	10
HBM11	4	3	1	13
HBM11	4	3	2	16
HBM11	4	3	3	11
HBM11	4	3	4	14
HBM11	4	3	5	18
HBM12	1	1	0	11
HBM12	1	1	1	11
HBM12	1	1	2	11
HBM12	1	1	3	11
HBM12	1	1	4	11
HBM12	1	1	5	12
HBM12	1	2	0	14
HBM12	1	2	1	17
HBM12	1	2	2	20
HBM12	1	2	3	12
HBM12	1	2	4	15
HBM12	1	2	5	18
HBM12	1	3	0	13
HBM12	1	3	1	16
HBM12	1	3	2	19
HBM12	1	3	3	14
HBM12	1	3	4	17
HBM12	1	3	5	21
HBM12	2	1	0	11
HBM12	2	1	1	11
HBM12	2	1	2	11
HBM12	2	1	3	11
HBM12	2	1	4	11
HBM12	2	1	5	12
HBM12	2	2	0	14
HBM12	2	2	1	17
HBM12	2	2	2	20
HBM12	2	2	3	12
HBM12	2	2	4	15
HBM12	2	2	5	18
HBM12	2	3	0	13
HBM12	2	3	1	16
HBM12	2	3	2	19
HBM12	2	3	3	14
HBM12	2	3	4	17
HBM12	2	3	5	21
HBM12	3	1	0	10
HBM12	3	1	1	10
HBM12	3	1	2	10
HBM12	3	1	3	10
HBM12	3	1	4	10
HBM12	3	1	5	11
HBM12	3	2	0	13
HBM12	3	2	1	16
HBM12	3	2	2	19
HBM12	3	2	3	11
HBM12	3	2	4	14
HBM12	3	2	5	17
HBM12	3	3	0	12
HBM12	3	3	1	15
HBM12	3	3	2	18
HBM12	3	3	3	13
HBM12	3	3	4	16
HBM12	3	3	5	20
HBM12	4	1	0	8
HBM12	4	1	1	8
HBM12	4	1	2	8
HBM12	4	1	3	8
HBM12	4	1	4	8
HBM12	4	1	5	9
HBM12	4	2	0	11
HBM12	4	2	1	14
HBM12	4	2	2	17
HBM12	4	2	3	9
HBM12	4	2	4	12
HBM12	4	2	5	15
HBM12	4	3	0	10
HBM12	4	3	1	13
HBM12	4	3	2	16
HBM12	4	3	3	11
HBM12	4	3	4	14
HBM12	4	3	5	18
HBM13	1	1	0	11
HBM13	1	1	1	11
HBM13	1	1	2	11
HBM13	1	1	3	11
HBM13	1	1	4	11
HBM13	1	1	5	12
HBM13	1	2	0	14
HBM13	1	2	1	17
HBM13	1	2	2	20
HBM13	1	2	3	12
HBM13	1	2	4	15
HBM13	1	2	5	18
HBM13	1	3	0	13
HBM13	1	3	1	16
HBM13	1	3	2	19
HBM13	1	3	3	14
HBM13	1	3	4	17
HBM13	1	3	5	21
HBM13	2	1	0	9
HBM13	2	1	1	9
HBM13	2	1	2	9
HBM13	2	1	3	9
HBM13	2	1	4	9
HBM13	2	1	5	10
HBM13	2	2	0	12
HBM13	2	2	1	15
HBM13	2	2	2	18
HBM13	2	2	3	10
HBM13	2	2	4	13
HBM13	2	2	5	16
HBM13	2	3	0	11
HBM13	2	3	1	14
HBM13	2	3	2	17
HBM13	2	3	3	12
HBM13	2	3	4	15
HBM13	2	3	5	19
HBM13	3	1	0	10
HBM13	3	1	1	10
HBM13	3	1	2	10
HBM13	3	1	3	10
HBM13	3	1	4	10
HBM13	3	1	5	11
HBM13	3	2	0	13
HBM13	3	2	1	16
HBM13	3	2	2	19
HBM13	3	2	3	11
HBM13	3	2	4	14
HBM13	3	2	5	17
HBM13	3	3	0	12
HBM13	3	3	1	15
HBM13	3	3	2	18
HBM13	3	3	3	13
HBM13	3	3	4	16
HBM13	3	3	5	20
HBM13	4	1	0	8
HBM13	4	1	1	8
HBM13	4	1	2	8
HBM13	4	1	3	8
HBM13	4	1	4	8
HBM13	4	1	5	9
HBM13	4	2	0	11
HBM13	4	2	1	14
HBM13	4	2	2	17
HBM13	4	2	3	9
HBM13	4	2	4	12
HBM13	4	2	5	15
HBM13	4	3	0	10
HBM13	4	3	1	13
HBM13	4	3	2	16
HBM13	4	3	3	11
HBM13	4	3	4	14
HBM13	4	3	5	18
HBM14	1	1	0	10
HBM14	1	1	1	10
HBM14	1	1	2	10
HBM14	1	1	3	10
HBM14	1	1	4	10
HBM14	1	1	5	11
HBM14	1	2	0	13
HBM14	1	2	1	16
HBM14	1	2	2	19
HBM14	1	2	3	11
HBM14	1	2	4	14
HBM14	1	2	5	17
HBM14	1	3	0	12
HBM14	1	3	1	15
HBM14	1	3	2	18
HBM14	1	3	3	13
HBM14	1	3	4	16
HBM14	1	3	5	20
HBM14	2	1	0	10
HBM14	2	1	1	10
HBM14	2	1	2	10
HBM14	2	1	3	10
HBM14	2	1	4	10
HBM14	2	1	5	11
HBM14	2	2	0	13
HBM14	2	2	1	16
HBM14	2	2	2	19
HBM14	2	2	3	11
HBM14	2	2	4	14
HBM14	2	2	5	17
HBM14	2	3	0	12
HBM14	2	3	1	15
HBM14	2	3	2	18
HBM14	2	3	3	13
HBM14	2	3	4	16
HBM14	2	3	5	20
HBM14	3	1	0	8
HBM14	3	1	1	8
HBM14	3	1	2	8
HBM14	3	1	3	8
HBM14	3	1	4	8
HBM14	3	1	5	9
HBM14	3	2	0	11
HBM14	3	2	1	14
HBM14	3	2	2	17
HBM14	3	2	3	9
HBM14	3	2	4	12
HBM14	3	2	5	15
HBM14	3	3	0	10
HBM14	3	3	1	13
HBM14	3	3	2	16
HBM14	3	3	3	11
HBM14	3	3	4	14
HBM14	3	3	5	18
HBM14	4	1	0	8
HBM14	4	1	1	8
HBM14	4	1	2	8
HBM14	4	1	3	8
HBM14	4	1	4	8
HBM14	4	1	5	9
HBM14	4	2	0	11
HBM14	4	2	1	14
HBM14	4	2	2	17
HBM14	4	2	3	9
HBM14	4	2	4	12
HBM14	4	2	5	15
HBM14	4	3	0	10
HBM14	4	3	1	13
HBM14	4	3	2	16
HBM14	4	3	3	11
HBM14	4	3	4	14
HBM14	4	3	5	18
HBM15	1	1	0	12
HBM15	1	1	1	12
HBM15	1	1	2	12
HBM15	1	1	3	12
HBM15	1	1	4	12
HBM15	1	1	5	13
HBM15	1	2	0	15
HBM15	1	2	1	18
HBM15	1	2	2	21
HBM15	1	2	3	13
HBM15	1	2	4	16
HBM15	1	2	5	19
HBM15	1	3	0	14
HBM15	1	3	1	17
HBM15	1	3	2	20
HBM15	1	3	3	15
HBM15	1	3	4	18
HBM15	1	3	5	22
HBM15	2	1	0	11
HBM15	2	1	1	11
HBM15	2	1	2	11
HBM15	2	1	3	11
HBM15	2	1	4	11
HBM15	2	1	5	12
HBM15	2	2	0	14
HBM15	2	2	1	17
HBM15	2	2	2	20
HBM15	2	2	3	12
HBM15	2	2	4	15
HBM15	2	2	5	18
HBM15	2	3	0	13
HBM15	2	3	1	16
HBM15	2	3	2	19
HBM15	2	3	3	14
HBM15	2	3	4	17
HBM15	2	3	5	21
HBM15	3	1	0	8
HBM15	3	1	1	8
HBM15	3	1	2	8
HBM15	3	1	3	8
HBM15	3	1	4	8
HBM15	3	1	5	9
HBM15	3	2	0	11
HBM15	3	2	1	14
HBM15	3	2	2	17
HBM15	3	2	3	9
HBM15	3	2	4	12
HBM15	3	2	5	15
HBM15	3	3	0	10
HBM15	3	3	1	13
HBM15	3	3	2	16
HBM15	3	3	3	11
HBM15	3	3	4	14
HBM15	3	3	5	18
HBM15	4	1	0	10
HBM15	4	1	1	10
HBM15	4	1	2	10
HBM15	4	1	3	10
HBM15	4	1	4	10
HBM15	4	1	5	11
HBM15	4	2	0	13
HBM15	4	2	1	16
HBM15	4	2	2	19
HBM15	4	2	3	11
HBM15	4	2	4	14
HBM15	4	2	5	17
HBM15	4	3	0	12
HBM15	4	3	1	15
HBM15	4	3	2	18
HBM15	4	3	3	13
HBM15	4	3	4	16
HBM15	4	3	5	20
HBM16	1	1	0	13
HBM16	1	1	1	13
HBM16	1	1	2	13
HBM16	1	1	3	13
HBM16	1	1	4	13
HBM16	1	1	5	14
HBM16	1	2	0	16
HBM16	1	2	1	19
HBM16	1	2	2	22
HBM16	1	2	3	14
HBM16	1	2	4	17
HBM16	1	2	5	20
HBM16	1	3	0	15
HBM16	1	3	1	18
HBM16	1	3	2	21
HBM16	1	3	3	16
HBM16	1	3	4	19
HBM16	1	3	5	23
HBM16	2	1	0	12
HBM16	2	1	1	12
HBM16	2	1	2	12
HBM16	2	1	3	12
HBM16	2	1	4	12
HBM16	2	1	5	13
HBM16	2	2	0	15
HBM16	2	2	1	18
HBM16	2	2	2	21
HBM16	2	2	3	13
HBM16	2	2	4	16
HBM16	2	2	5	19
HBM16	2	3	0	14
HBM16	2	3	1	17
HBM16	2	3	2	20
HBM16	2	3	3	15
HBM16	2	3	4	18
HBM16	2	3	5	22
HBM16	3	1	0	9
HBM16	3	1	1	9
HBM16	3	1	2	9
HBM16	3	1	3	9
HBM16	3	1	4	9
HBM16	3	1	5	10
HBM16	3	2	0	12
HBM16	3	2	1	15
HBM16	3	2	2	18
HBM16	3	2	3	10
HBM16	3	2	4	13
HBM16	3	2	5	16
HBM16	3	3	0	11
HBM16	3	3	1	14
HBM16	3	3	2	17
HBM16	3	3	3	12
HBM16	3	3	4	15
HBM16	3	3	5	19
HBM16	4	1	0	12
HBM16	4	1	1	12
HBM16	4	1	2	12
HBM16	4	1	3	12
HBM16	4	1	4	12
HBM16	4	1	5	13
HBM16	4	2	0	15
HBM16	4	2	1	18
HBM16	4	2	2	21
HBM16	4	2	3	13
HBM16	4	2	4	16
HBM16	4	2	5	19
HBM16	4	3	0	14
HBM16	4	3	1	17
HBM16	4	3	2	20
HBM16	4	3	3	15
HBM16	4	3	4	18
HBM16	4	3	5	22
HBM17	1	1	0	10
HBM17	1	1	1	10
HBM17	1	1	2	10
HBM17	1	1	3	10
HBM17	1	1	4	10
HBM17	1	1	5	11
HBM17	1	2	0	13
HBM17	1	2	1	16
HBM17	1	2	2	19
HBM17	1	2	3	11
HBM17	1	2	4	14
HBM17	1	2	5	17
HBM17	1	3	0	12
HBM17	1	3	1	15
HBM17	1	3	2	18
HBM17	1	3	3	13
HBM17	1	3	4	16
HBM17	1	3	5	20
HBM17	2	1	0	10
HBM17	2	1	1	10
HBM17	2	1	2	10
HBM17	2	1	3	10
HBM17	2	1	4	10
HBM17	2	1	5	11
HBM17	2	2	0	13
HBM17	2	2	1	16
HBM17	2	2	2	19
HBM17	2	2	3	11
HBM17	2	2	4	14
HBM17	2	2	5	17
HBM17	2	3	0	12
HBM17	2	3	1	15
HBM17	2	3	2	18
HBM17	2	3	3	13
HBM17	2	3	4	16
HBM17	2	3	5	20
HBM17	3	1	0	10
HBM17	3	1	1	10
HBM17	3	1	2	10
HBM17	3	1	3	10
HBM17	3	1	4	10
HBM17	3	1	5	11
HBM17	3	2	0	13
HBM17	3	2	1	16
HBM17	3	2	2	19
HBM17	3	2	3	11
HBM17	3	2	4	14
HBM17	3	2	5	17
HBM17	3	3	0	12
HBM17	3	3	1	15
HBM17	3	3	2	18
HBM17	3	3	3	13
HBM17	3	3	4	16
HBM17	3	3	5	20
HBM17	4	1	0	10
HBM17	4	1	1	10
HBM17	4	1	2	10
HBM17	4	1	3	10
HBM17	4	1	4	10
HBM17	4	1	5	11
HBM17	4	2	0	13
HBM17	4	2	1	16
HBM17	4	2	2	19
HBM17	4	2	3	11
HBM17	4	2	4	14
HBM17	4	2	5	17
HBM17	4	3	0	12
HBM17	4	3	1	15
HBM17	4	3	2	18
HBM17	4	3	3	13
HBM17	4	3	4	16
HBM17	4	3	5	20
HBM18	1	1	0	9
HBM18	1	1	1	9
HBM18	1	1	2	9
HBM18	1	1	3	9
HBM18	1	1	4	9
HBM18	1	1	5	10
HBM18	1	2	0	12
HBM18	1	2	1	15
HBM18	1	2	2	18
HBM18	1	2	3	10
HBM18	1	2	4	13
HBM18	1	2	5	16
HBM18	1	3	0	11
HBM18	1	3	1	14
HBM18	1	3	2	17
HBM18	1	3	3	12
HBM18	1	3	4	15
HBM18	1	3	5	19
HBM18	2	1	0	10
HBM18	2	1	1	10
HBM18	2	1	2	10
HBM18	2	1	3	10
HBM18	2	1	4	10
HBM18	2	1	5	11
HBM18	2	2	0	13
HBM18	2	2	1	16
HBM18	2	2	2	19
HBM18	2	2	3	11
HBM18	2	2	4	14
HBM18	2	2	5	17
HBM18	2	3	0	12
HBM18	2	3	1	15
HBM18	2	3	2	18
HBM18	2	3	3	13
HBM18	2	3	4	16
HBM18	2	3	5	20
HBM18	3	1	0	9
HBM18	3	1	1	9
HBM18	3	1	2	9
HBM18	3	1	3	9
HBM18	3	1	4	9
HBM18	3	1	5	10
HBM18	3	2	0	12
HBM18	3	2	1	15
HBM18	3	2	2	18
HBM18	3	2	3	10
HBM18	3	2	4	13
HBM18	3	2	5	16
HBM18	3	3	0	11
HBM18	3	3	1	14
HBM18	3	3	2	17
HBM18	3	3	3	12
HBM18	3	3	4	15
HBM18	3	3	5	19
HBM18	4	1	0	7
HBM18	4	1	1	7
HBM18	4	1	2	7
HBM18	4	1	3	7
HBM18	4	1	4	7
HBM18	4	1	5	8
HBM18	4	2	0	10
HBM18	4	2	1	13
HBM18	4	2	2	16
HBM18	4	2	3	8
HBM18	4	2	4	11
HBM18	4	2	5	14
HBM18	4	3	0	9
HBM18	4	3	1	12
HBM18	4	3	2	15
HBM18	4	3	3	10
HBM18	4	3	4	13
HBM18	4	3	5	17
HBP01	1	1	0	10
HBP01	1	1	1	10
HBP01	1	1	2	10
HBP01	1	1	3	10
HBP01	1	1	4	10
HBP01	1	1	5	11
HBP01	1	2	0	13
HBP01	1	2	1	16
HBP01	1	2	2	19
HBP01	1	2	3	11
HBP01	1	2	4	14
HBP01	1	2	5	17
HBP01	1	3	0	12
HBP01	1	3	1	15
HBP01	1	3	2	18
HBP01	1	3	3	13
HBP01	1	3	4	16
HBP01	1	3	5	20
HBP01	2	1	0	10
HBP01	2	1	1	10
HBP01	2	1	2	10
HBP01	2	1	3	10
HBP01	2	1	4	10
HBP01	2	1	5	11
HBP01	2	2	0	13
HBP01	2	2	1	16
HBP01	2	2	2	19
HBP01	2	2	3	11
HBP01	2	2	4	14
HBP01	2	2	5	17
HBP01	2	3	0	12
HBP01	2	3	1	15
HBP01	2	3	2	18
HBP01	2	3	3	13
HBP01	2	3	4	16
HBP01	2	3	5	20
HBP01	3	1	0	8
HBP01	3	1	1	8
HBP01	3	1	2	8
HBP01	3	1	3	8
HBP01	3	1	4	8
HBP01	3	1	5	9
HBP01	3	2	0	11
HBP01	3	2	1	14
HBP01	3	2	2	17
HBP01	3	2	3	9
HBP01	3	2	4	12
HBP01	3	2	5	15
HBP01	3	3	0	10
HBP01	3	3	1	13
HBP01	3	3	2	16
HBP01	3	3	3	11
HBP01	3	3	4	14
HBP01	3	3	5	18
HBP01	4	1	0	10
HBP01	4	1	1	10
HBP01	4	1	2	10
HBP01	4	1	3	10
HBP01	4	1	4	10
HBP01	4	1	5	11
HBP01	4	2	0	13
HBP01	4	2	1	16
HBP01	4	2	2	19
HBP01	4	2	3	11
HBP01	4	2	4	14
HBP01	4	2	5	17
HBP01	4	3	0	12
HBP01	4	3	1	15
HBP01	4	3	2	18
HBP01	4	3	3	13
HBP01	4	3	4	16
HBP01	4	3	5	20
HBP02	1	1	0	7
HBP02	1	1	1	7
HBP02	1	1	2	7
HBP02	1	1	3	7
HBP02	1	1	4	7
HBP02	1	1	5	8
HBP02	1	2	0	10
HBP02	1	2	1	13
HBP02	1	2	2	16
HBP02	1	2	3	8
HBP02	1	2	4	11
HBP02	1	2	5	14
HBP02	1	3	0	9
HBP02	1	3	1	12
HBP02	1	3	2	15
HBP02	1	3	3	10
HBP02	1	3	4	13
HBP02	1	3	5	17
HBP02	2	1	0	7
HBP02	2	1	1	7
HBP02	2	1	2	7
HBP02	2	1	3	7
HBP02	2	1	4	7
HBP02	2	1	5	8
HBP02	2	2	0	10
HBP02	2	2	1	13
HBP02	2	2	2	16
HBP02	2	2	3	8
HBP02	2	2	4	11
HBP02	2	2	5	14
HBP02	2	3	0	9
HBP02	2	3	1	12
HBP02	2	3	2	15
HBP02	2	3	3	10
HBP02	2	3	4	13
HBP02	2	3	5	17
HBP02	3	1	0	5
HBP02	3	1	1	5
HBP02	3	1	2	5
HBP02	3	1	3	5
HBP02	3	1	4	5
HBP02	3	1	5	6
HBP02	3	2	0	8
HBP02	3	2	1	11
HBP02	3	2	2	14
HBP02	3	2	3	6
HBP02	3	2	4	9
HBP02	3	2	5	12
HBP02	3	3	0	7
HBP02	3	3	1	10
HBP02	3	3	2	13
HBP02	3	3	3	8
HBP02	3	3	4	11
HBP02	3	3	5	15
HBP02	4	1	0	5
HBP02	4	1	1	5
HBP02	4	1	2	5
HBP02	4	1	3	5
HBP02	4	1	4	5
HBP02	4	1	5	6
HBP02	4	2	0	8
HBP02	4	2	1	11
HBP02	4	2	2	14
HBP02	4	2	3	6
HBP02	4	2	4	9
HBP02	4	2	5	12
HBP02	4	3	0	7
HBP02	4	3	1	10
HBP02	4	3	2	13
HBP02	4	3	3	8
HBP02	4	3	4	11
HBP02	4	3	5	15
HBP03	1	1	0	12
HBP03	1	1	1	12
HBP03	1	1	2	12
HBP03	1	1	3	12
HBP03	1	1	4	12
HBP03	1	1	5	13
HBP03	1	2	0	15
HBP03	1	2	1	18
HBP03	1	2	2	21
HBP03	1	2	3	13
HBP03	1	2	4	16
HBP03	1	2	5	19
HBP03	1	3	0	14
HBP03	1	3	1	17
HBP03	1	3	2	20
HBP03	1	3	3	15
HBP03	1	3	4	18
HBP03	1	3	5	22
HBP03	2	1	0	11
HBP03	2	1	1	11
HBP03	2	1	2	11
HBP03	2	1	3	11
HBP03	2	1	4	11
HBP03	2	1	5	12
HBP03	2	2	0	14
HBP03	2	2	1	17
HBP03	2	2	2	20
HBP03	2	2	3	12
HBP03	2	2	4	15
HBP03	2	2	5	18
HBP03	2	3	0	13
HBP03	2	3	1	16
HBP03	2	3	2	19
HBP03	2	3	3	14
HBP03	2	3	4	17
HBP03	2	3	5	21
HBP03	3	1	0	9
HBP03	3	1	1	9
HBP03	3	1	2	9
HBP03	3	1	3	9
HBP03	3	1	4	9
HBP03	3	1	5	10
HBP03	3	2	0	12
HBP03	3	2	1	15
HBP03	3	2	2	18
HBP03	3	2	3	10
HBP03	3	2	4	13
HBP03	3	2	5	16
HBP03	3	3	0	11
HBP03	3	3	1	14
HBP03	3	3	2	17
HBP03	3	3	3	12
HBP03	3	3	4	15
HBP03	3	3	5	19
HBP03	4	1	0	8
HBP03	4	1	1	8
HBP03	4	1	2	8
HBP03	4	1	3	8
HBP03	4	1	4	8
HBP03	4	1	5	9
HBP03	4	2	0	11
HBP03	4	2	1	14
HBP03	4	2	2	17
HBP03	4	2	3	9
HBP03	4	2	4	12
HBP03	4	2	5	15
HBP03	4	3	0	10
HBP03	4	3	1	13
HBP03	4	3	2	16
HBP03	4	3	3	11
HBP03	4	3	4	14
HBP03	4	3	5	18
HBP04	1	1	0	9
HBP04	1	1	1	9
HBP04	1	1	2	9
HBP04	1	1	3	9
HBP04	1	1	4	9
HBP04	1	1	5	10
HBP04	1	2	0	12
HBP04	1	2	1	15
HBP04	1	2	2	18
HBP04	1	2	3	10
HBP04	1	2	4	13
HBP04	1	2	5	16
HBP04	1	3	0	11
HBP04	1	3	1	14
HBP04	1	3	2	17
HBP04	1	3	3	12
HBP04	1	3	4	15
HBP04	1	3	5	19
HBP04	2	1	0	11
HBP04	2	1	1	11
HBP04	2	1	2	11
HBP04	2	1	3	11
HBP04	2	1	4	11
HBP04	2	1	5	12
HBP04	2	2	0	14
HBP04	2	2	1	17
HBP04	2	2	2	20
HBP04	2	2	3	12
HBP04	2	2	4	15
HBP04	2	2	5	18
HBP04	2	3	0	13
HBP04	2	3	1	16
HBP04	2	3	2	19
HBP04	2	3	3	14
HBP04	2	3	4	17
HBP04	2	3	5	21
HBP04	3	1	0	9
HBP04	3	1	1	9
HBP04	3	1	2	9
HBP04	3	1	3	9
HBP04	3	1	4	9
HBP04	3	1	5	10
HBP04	3	2	0	12
HBP04	3	2	1	15
HBP04	3	2	2	18
HBP04	3	2	3	10
HBP04	3	2	4	13
HBP04	3	2	5	16
HBP04	3	3	0	11
HBP04	3	3	1	14
HBP04	3	3	2	17
HBP04	3	3	3	12
HBP04	3	3	4	15
HBP04	3	3	5	19
HBP04	4	1	0	9
HBP04	4	1	1	9
HBP04	4	1	2	9
HBP04	4	1	3	9
HBP04	4	1	4	9
HBP04	4	1	5	10
HBP04	4	2	0	12
HBP04	4	2	1	15
HBP04	4	2	2	18
HBP04	4	2	3	10
HBP04	4	2	4	13
HBP04	4	2	5	16
HBP04	4	3	0	11
HBP04	4	3	1	14
HBP04	4	3	2	17
HBP04	4	3	3	12
HBP04	4	3	4	15
HBP04	4	3	5	19
HBP05	1	1	0	10
HBP05	1	1	1	10
HBP05	1	1	2	10
HBP05	1	1	3	10
HBP05	1	1	4	10
HBP05	1	1	5	11
HBP05	1	2	0	13
HBP05	1	2	1	16
HBP05	1	2	2	19
HBP05	1	2	3	11
HBP05	1	2	4	14
HBP05	1	2	5	17
HBP05	1	3	0	12
HBP05	1	3	1	15
HBP05	1	3	2	18
HBP05	1	3	3	13
HBP05	1	3	4	16
HBP05	1	3	5	20
HBP05	2	1	0	11
HBP05	2	1	1	11
HBP05	2	1	2	11
HBP05	2	1	3	11
HBP05	2	1	4	11
HBP05	2	1	5	12
HBP05	2	2	0	14
HBP05	2	2	1	17
HBP05	2	2	2	20
HBP05	2	2	3	12
HBP05	2	2	4	15
HBP05	2	2	5	18
HBP05	2	3	0	13
HBP05	2	3	1	16
HBP05	2	3	2	19
HBP05	2	3	3	14
HBP05	2	3	4	17
HBP05	2	3	5	21
HBP05	3	1	0	8
HBP05	3	1	1	8
HBP05	3	1	2	8
HBP05	3	1	3	8
HBP05	3	1	4	8
HBP05	3	1	5	9
HBP05	3	2	0	11
HBP05	3	2	1	14
HBP05	3	2	2	17
HBP05	3	2	3	9
HBP05	3	2	4	12
HBP05	3	2	5	15
HBP05	3	3	0	10
HBP05	3	3	1	13
HBP05	3	3	2	16
HBP05	3	3	3	11
HBP05	3	3	4	14
HBP05	3	3	5	18
HBP05	4	1	0	9
HBP05	4	1	1	9
HBP05	4	1	2	9
HBP05	4	1	3	9
HBP05	4	1	4	9
HBP05	4	1	5	10
HBP05	4	2	0	12
HBP05	4	2	1	15
HBP05	4	2	2	18
HBP05	4	2	3	10
HBP05	4	2	4	13
HBP05	4	2	5	16
HBP05	4	3	0	11
HBP05	4	3	1	14
HBP05	4	3	2	17
HBP05	4	3	3	12
HBP05	4	3	4	15
HBP05	4	3	5	19
HBP06	1	1	0	9
HBP06	1	1	1	9
HBP06	1	1	2	9
HBP06	1	1	3	9
HBP06	1	1	4	9
HBP06	1	1	5	10
HBP06	1	2	0	12
HBP06	1	2	1	15
HBP06	1	2	2	18
HBP06	1	2	3	10
HBP06	1	2	4	13
HBP06	1	2	5	16
HBP06	1	3	0	11
HBP06	1	3	1	14
HBP06	1	3	2	17
HBP06	1	3	3	12
HBP06	1	3	4	15
HBP06	1	3	5	19
HBP06	2	1	0	10
HBP06	2	1	1	10
HBP06	2	1	2	10
HBP06	2	1	3	10
HBP06	2	1	4	10
HBP06	2	1	5	11
HBP06	2	2	0	13
HBP06	2	2	1	16
HBP06	2	2	2	19
HBP06	2	2	3	11
HBP06	2	2	4	14
HBP06	2	2	5	17
HBP06	2	3	0	12
HBP06	2	3	1	15
HBP06	2	3	2	18
HBP06	2	3	3	13
HBP06	2	3	4	16
HBP06	2	3	5	20
HBP06	3	1	0	7
HBP06	3	1	1	7
HBP06	3	1	2	7
HBP06	3	1	3	7
HBP06	3	1	4	7
HBP06	3	1	5	8
HBP06	3	2	0	10
HBP06	3	2	1	13
HBP06	3	2	2	16
HBP06	3	2	3	8
HBP06	3	2	4	11
HBP06	3	2	5	14
HBP06	3	3	0	9
HBP06	3	3	1	12
HBP06	3	3	2	15
HBP06	3	3	3	10
HBP06	3	3	4	13
HBP06	3	3	5	17
HBP06	4	1	0	9
HBP06	4	1	1	9
HBP06	4	1	2	9
HBP06	4	1	3	9
HBP06	4	1	4	9
HBP06	4	1	5	10
HBP06	4	2	0	12
HBP06	4	2	1	15
HBP06	4	2	2	18
HBP06	4	2	3	10
HBP06	4	2	4	13
HBP06	4	2	5	16
HBP06	4	3	0	11
HBP06	4	3	1	14
HBP06	4	3	2	17
HBP06	4	3	3	12
HBP06	4	3	4	15
HBP06	4	3	5	19
HBP07	1	1	0	12
HBP07	1	1	1	12
HBP07	1	1	2	12
HBP07	1	1	3	12
HBP07	1	1	4	12
HBP07	1	1	5	13
HBP07	1	2	0	15
HBP07	1	2	1	18
HBP07	1	2	2	21
HBP07	1	2	3	13
HBP07	1	2	4	16
HBP07	1	2	5	19
HBP07	1	3	0	14
HBP07	1	3	1	17
HBP07	1	3	2	20
HBP07	1	3	3	15
HBP07	1	3	4	18
HBP07	1	3	5	22
HBP07	2	1	0	12
HBP07	2	1	1	12
HBP07	2	1	2	12
HBP07	2	1	3	12
HBP07	2	1	4	12
HBP07	2	1	5	13
HBP07	2	2	0	15
HBP07	2	2	1	18
HBP07	2	2	2	21
HBP07	2	2	3	13
HBP07	2	2	4	16
HBP07	2	2	5	19
HBP07	2	3	0	14
HBP07	2	3	1	17
HBP07	2	3	2	20
HBP07	2	3	3	15
HBP07	2	3	4	18
HBP07	2	3	5	22
HBP07	3	1	0	11
HBP07	3	1	1	11
HBP07	3	1	2	11
HBP07	3	1	3	11
HBP07	3	1	4	11
HBP07	3	1	5	12
HBP07	3	2	0	14
HBP07	3	2	1	17
HBP07	3	2	2	20
HBP07	3	2	3	12
HBP07	3	2	4	15
HBP07	3	2	5	18
HBP07	3	3	0	13
HBP07	3	3	1	16
HBP07	3	3	2	19
HBP07	3	3	3	14
HBP07	3	3	4	17
HBP07	3	3	5	21
HBP07	4	1	0	10
HBP07	4	1	1	10
HBP07	4	1	2	10
HBP07	4	1	3	10
HBP07	4	1	4	10
HBP07	4	1	5	11
HBP07	4	2	0	13
HBP07	4	2	1	16
HBP07	4	2	2	19
HBP07	4	2	3	11
HBP07	4	2	4	14
HBP07	4	2	5	17
HBP07	4	3	0	12
HBP07	4	3	1	15
HBP07	4	3	2	18
HBP07	4	3	3	13
HBP07	4	3	4	16
HBP07	4	3	5	20
HBP08	1	1	0	10
HBP08	1	1	1	10
HBP08	1	1	2	10
HBP08	1	1	3	10
HBP08	1	1	4	10
HBP08	1	1	5	11
HBP08	1	2	0	13
HBP08	1	2	1	16
HBP08	1	2	2	19
HBP08	1	2	3	11
HBP08	1	2	4	14
HBP08	1	2	5	17
HBP08	1	3	0	12
HBP08	1	3	1	15
HBP08	1	3	2	18
HBP08	1	3	3	13
HBP08	1	3	4	16
HBP08	1	3	5	20
HBP08	2	1	0	11
HBP08	2	1	1	11
HBP08	2	1	2	11
HBP08	2	1	3	11
HBP08	2	1	4	11
HBP08	2	1	5	12
HBP08	2	2	0	14
HBP08	2	2	1	17
HBP08	2	2	2	20
HBP08	2	2	3	12
HBP08	2	2	4	15
HBP08	2	2	5	18
HBP08	2	3	0	13
HBP08	2	3	1	16
HBP08	2	3	2	19
HBP08	2	3	3	14
HBP08	2	3	4	17
HBP08	2	3	5	21
HBP08	3	1	0	9
HBP08	3	1	1	9
HBP08	3	1	2	9
HBP08	3	1	3	9
HBP08	3	1	4	9
HBP08	3	1	5	10
HBP08	3	2	0	12
HBP08	3	2	1	15
HBP08	3	2	2	18
HBP08	3	2	3	10
HBP08	3	2	4	13
HBP08	3	2	5	16
HBP08	3	3	0	11
HBP08	3	3	1	14
HBP08	3	3	2	17
HBP08	3	3	3	12
HBP08	3	3	4	15
HBP08	3	3	5	19
HBP08	4	1	0	10
HBP08	4	1	1	10
HBP08	4	1	2	10
HBP08	4	1	3	10
HBP08	4	1	4	10
HBP08	4	1	5	11
HBP08	4	2	0	13
HBP08	4	2	1	16
HBP08	4	2	2	19
HBP08	4	2	3	11
HBP08	4	2	4	14
HBP08	4	2	5	17
HBP08	4	3	0	12
HBP08	4	3	1	15
HBP08	4	3	2	18
HBP08	4	3	3	13
HBP08	4	3	4	16
HBP08	4	3	5	20
HBP09	1	1	0	12
HBP09	1	1	1	12
HBP09	1	1	2	12
HBP09	1	1	3	12
HBP09	1	1	4	12
HBP09	1	1	5	13
HBP09	1	2	0	15
HBP09	1	2	1	18
HBP09	1	2	2	21
HBP09	1	2	3	13
HBP09	1	2	4	16
HBP09	1	2	5	19
HBP09	1	3	0	14
HBP09	1	3	1	17
HBP09	1	3	2	20
HBP09	1	3	3	15
HBP09	1	3	4	18
HBP09	1	3	5	22
HBP09	2	1	0	12
HBP09	2	1	1	12
HBP09	2	1	2	12
HBP09	2	1	3	12
HBP09	2	1	4	12
HBP09	2	1	5	13
HBP09	2	2	0	15
HBP09	2	2	1	18
HBP09	2	2	2	21
HBP09	2	2	3	13
HBP09	2	2	4	16
HBP09	2	2	5	19
HBP09	2	3	0	14
HBP09	2	3	1	17
HBP09	2	3	2	20
HBP09	2	3	3	15
HBP09	2	3	4	18
HBP09	2	3	5	22
HBP09	3	1	0	11
HBP09	3	1	1	11
HBP09	3	1	2	11
HBP09	3	1	3	11
HBP09	3	1	4	11
HBP09	3	1	5	12
HBP09	3	2	0	14
HBP09	3	2	1	17
HBP09	3	2	2	20
HBP09	3	2	3	12
HBP09	3	2	4	15
HBP09	3	2	5	18
HBP09	3	3	0	13
HBP09	3	3	1	16
HBP09	3	3	2	19
HBP09	3	3	3	14
HBP09	3	3	4	17
HBP09	3	3	5	21
HBP09	4	1	0	9
HBP09	4	1	1	9
HBP09	4	1	2	9
HBP09	4	1	3	9
HBP09	4	1	4	9
HBP09	4	1	5	10
HBP09	4	2	0	12
HBP09	4	2	1	15
HBP09	4	2	2	18
HBP09	4	2	3	10
HBP09	4	2	4	13
HBP09	4	2	5	16
HBP09	4	3	0	11
HBP09	4	3	1	14
HBP09	4	3	2	17
HBP09	4	3	3	12
HBP09	4	3	4	15
HBP09	4	3	5	19
HBP10	1	1	0	9
HBP10	1	1	1	9
HBP10	1	1	2	9
HBP10	1	1	3	9
HBP10	1	1	4	9
HBP10	1	1	5	10
HBP10	1	2	0	12
HBP10	1	2	1	15
HBP10	1	2	2	18
HBP10	1	2	3	10
HBP10	1	2	4	13
HBP10	1	2	5	16
HBP10	1	3	0	11
HBP10	1	3	1	14
HBP10	1	3	2	17
HBP10	1	3	3	12
HBP10	1	3	4	15
HBP10	1	3	5	19
HBP10	2	1	0	10
HBP10	2	1	1	10
HBP10	2	1	2	10
HBP10	2	1	3	10
HBP10	2	1	4	10
HBP10	2	1	5	11
HBP10	2	2	0	13
HBP10	2	2	1	16
HBP10	2	2	2	19
HBP10	2	2	3	11
HBP10	2	2	4	14
HBP10	2	2	5	17
HBP10	2	3	0	12
HBP10	2	3	1	15
HBP10	2	3	2	18
HBP10	2	3	3	13
HBP10	2	3	4	16
HBP10	2	3	5	20
HBP10	3	1	0	9
HBP10	3	1	1	9
HBP10	3	1	2	9
HBP10	3	1	3	9
HBP10	3	1	4	9
HBP10	3	1	5	10
HBP10	3	2	0	12
HBP10	3	2	1	15
HBP10	3	2	2	18
HBP10	3	2	3	10
HBP10	3	2	4	13
HBP10	3	2	5	16
HBP10	3	3	0	11
HBP10	3	3	1	14
HBP10	3	3	2	17
HBP10	3	3	3	12
HBP10	3	3	4	15
HBP10	3	3	5	19
HBP10	4	1	0	8
HBP10	4	1	1	8
HBP10	4	1	2	8
HBP10	4	1	3	8
HBP10	4	1	4	8
HBP10	4	1	5	9
HBP10	4	2	0	11
HBP10	4	2	1	14
HBP10	4	2	2	17
HBP10	4	2	3	9
HBP10	4	2	4	12
HBP10	4	2	5	15
HBP10	4	3	0	10
HBP10	4	3	1	13
HBP10	4	3	2	16
HBP10	4	3	3	11
HBP10	4	3	4	14
HBP10	4	3	5	18
HBP11	1	1	0	10
HBP11	1	1	1	10
HBP11	1	1	2	10
HBP11	1	1	3	10
HBP11	1	1	4	10
HBP11	1	1	5	11
HBP11	1	2	0	13
HBP11	1	2	1	16
HBP11	1	2	2	19
HBP11	1	2	3	11
HBP11	1	2	4	14
HBP11	1	2	5	17
HBP11	1	3	0	12
HBP11	1	3	1	15
HBP11	1	3	2	18
HBP11	1	3	3	13
HBP11	1	3	4	16
HBP11	1	3	5	20
HBP11	2	1	0	10
HBP11	2	1	1	10
HBP11	2	1	2	10
HBP11	2	1	3	10
HBP11	2	1	4	10
HBP11	2	1	5	11
HBP11	2	2	0	13
HBP11	2	2	1	16
HBP11	2	2	2	19
HBP11	2	2	3	11
HBP11	2	2	4	14
HBP11	2	2	5	17
HBP11	2	3	0	12
HBP11	2	3	1	15
HBP11	2	3	2	18
HBP11	2	3	3	13
HBP11	2	3	4	16
HBP11	2	3	5	20
HBP11	3	1	0	8
HBP11	3	1	1	8
HBP11	3	1	2	8
HBP11	3	1	3	8
HBP11	3	1	4	8
HBP11	3	1	5	9
HBP11	3	2	0	11
HBP11	3	2	1	14
HBP11	3	2	2	17
HBP11	3	2	3	9
HBP11	3	2	4	12
HBP11	3	2	5	15
HBP11	3	3	0	10
HBP11	3	3	1	13
HBP11	3	3	2	16
HBP11	3	3	3	11
HBP11	3	3	4	14
HBP11	3	3	5	18
HBP11	4	1	0	8
HBP11	4	1	1	8
HBP11	4	1	2	8
HBP11	4	1	3	8
HBP11	4	1	4	8
HBP11	4	1	5	9
HBP11	4	2	0	11
HBP11	4	2	1	14
HBP11	4	2	2	17
HBP11	4	2	3	9
HBP11	4	2	4	12
HBP11	4	2	5	15
HBP11	4	3	0	10
HBP11	4	3	1	13
HBP11	4	3	2	16
HBP11	4	3	3	11
HBP11	4	3	4	14
HBP11	4	3	5	18
HBP12	1	1	0	10
HBP12	1	1	1	10
HBP12	1	1	2	10
HBP12	1	1	3	10
HBP12	1	1	4	10
HBP12	1	1	5	11
HBP12	1	2	0	13
HBP12	1	2	1	16
HBP12	1	2	2	19
HBP12	1	2	3	11
HBP12	1	2	4	14
HBP12	1	2	5	17
HBP12	1	3	0	12
HBP12	1	3	1	15
HBP12	1	3	2	18
HBP12	1	3	3	13
HBP12	1	3	4	16
HBP12	1	3	5	20
HBP12	2	1	0	10
HBP12	2	1	1	10
HBP12	2	1	2	10
HBP12	2	1	3	10
HBP12	2	1	4	10
HBP12	2	1	5	11
HBP12	2	2	0	13
HBP12	2	2	1	16
HBP12	2	2	2	19
HBP12	2	2	3	11
HBP12	2	2	4	14
HBP12	2	2	5	17
HBP12	2	3	0	12
HBP12	2	3	1	15
HBP12	2	3	2	18
HBP12	2	3	3	13
HBP12	2	3	4	16
HBP12	2	3	5	20
HBP12	3	1	0	9
HBP12	3	1	1	9
HBP12	3	1	2	9
HBP12	3	1	3	9
HBP12	3	1	4	9
HBP12	3	1	5	10
HBP12	3	2	0	12
HBP12	3	2	1	15
HBP12	3	2	2	18
HBP12	3	2	3	10
HBP12	3	2	4	13
HBP12	3	2	5	16
HBP12	3	3	0	11
HBP12	3	3	1	14
HBP12	3	3	2	17
HBP12	3	3	3	12
HBP12	3	3	4	15
HBP12	3	3	5	19
HBP12	4	1	0	7
HBP12	4	1	1	7
HBP12	4	1	2	7
HBP12	4	1	3	7
HBP12	4	1	4	7
HBP12	4	1	5	8
HBP12	4	2	0	10
HBP12	4	2	1	13
HBP12	4	2	2	16
HBP12	4	2	3	8
HBP12	4	2	4	11
HBP12	4	2	5	14
HBP12	4	3	0	9
HBP12	4	3	1	12
HBP12	4	3	2	15
HBP12	4	3	3	10
HBP12	4	3	4	13
HBP12	4	3	5	17
HBP13	1	1	0	10
HBP13	1	1	1	10
HBP13	1	1	2	10
HBP13	1	1	3	10
HBP13	1	1	4	10
HBP13	1	1	5	11
HBP13	1	2	0	13
HBP13	1	2	1	16
HBP13	1	2	2	19
HBP13	1	2	3	11
HBP13	1	2	4	14
HBP13	1	2	5	17
HBP13	1	3	0	12
HBP13	1	3	1	15
HBP13	1	3	2	18
HBP13	1	3	3	13
HBP13	1	3	4	16
HBP13	1	3	5	20
HBP13	2	1	0	9
HBP13	2	1	1	9
HBP13	2	1	2	9
HBP13	2	1	3	9
HBP13	2	1	4	9
HBP13	2	1	5	10
HBP13	2	2	0	12
HBP13	2	2	1	15
HBP13	2	2	2	18
HBP13	2	2	3	10
HBP13	2	2	4	13
HBP13	2	2	5	16
HBP13	2	3	0	11
HBP13	2	3	1	14
HBP13	2	3	2	17
HBP13	2	3	3	12
HBP13	2	3	4	15
HBP13	2	3	5	19
HBP13	3	1	0	10
HBP13	3	1	1	10
HBP13	3	1	2	10
HBP13	3	1	3	10
HBP13	3	1	4	10
HBP13	3	1	5	11
HBP13	3	2	0	13
HBP13	3	2	1	16
HBP13	3	2	2	19
HBP13	3	2	3	11
HBP13	3	2	4	14
HBP13	3	2	5	17
HBP13	3	3	0	12
HBP13	3	3	1	15
HBP13	3	3	2	18
HBP13	3	3	3	13
HBP13	3	3	4	16
HBP13	3	3	5	20
HBP13	4	1	0	8
HBP13	4	1	1	8
HBP13	4	1	2	8
HBP13	4	1	3	8
HBP13	4	1	4	8
HBP13	4	1	5	9
HBP13	4	2	0	11
HBP13	4	2	1	14
HBP13	4	2	2	17
HBP13	4	2	3	9
HBP13	4	2	4	12
HBP13	4	2	5	15
HBP13	4	3	0	10
HBP13	4	3	1	13
HBP13	4	3	2	16
HBP13	4	3	3	11
HBP13	4	3	4	14
HBP13	4	3	5	18
HBP14	1	1	0	9
HBP14	1	1	1	9
HBP14	1	1	2	9
HBP14	1	1	3	9
HBP14	1	1	4	9
HBP14	1	1	5	10
HBP14	1	2	0	12
HBP14	1	2	1	15
HBP14	1	2	2	18
HBP14	1	2	3	10
HBP14	1	2	4	13
HBP14	1	2	5	16
HBP14	1	3	0	11
HBP14	1	3	1	14
HBP14	1	3	2	17
HBP14	1	3	3	12
HBP14	1	3	4	15
HBP14	1	3	5	19
HBP14	2	1	0	8
HBP14	2	1	1	8
HBP14	2	1	2	8
HBP14	2	1	3	8
HBP14	2	1	4	8
HBP14	2	1	5	9
HBP14	2	2	0	11
HBP14	2	2	1	14
HBP14	2	2	2	17
HBP14	2	2	3	9
HBP14	2	2	4	12
HBP14	2	2	5	15
HBP14	2	3	0	10
HBP14	2	3	1	13
HBP14	2	3	2	16
HBP14	2	3	3	11
HBP14	2	3	4	14
HBP14	2	3	5	18
HBP14	3	1	0	7
HBP14	3	1	1	7
HBP14	3	1	2	7
HBP14	3	1	3	7
HBP14	3	1	4	7
HBP14	3	1	5	8
HBP14	3	2	0	10
HBP14	3	2	1	13
HBP14	3	2	2	16
HBP14	3	2	3	8
HBP14	3	2	4	11
HBP14	3	2	5	14
HBP14	3	3	0	9
HBP14	3	3	1	12
HBP14	3	3	2	15
HBP14	3	3	3	10
HBP14	3	3	4	13
HBP14	3	3	5	17
HBP14	4	1	0	6
HBP14	4	1	1	6
HBP14	4	1	2	6
HBP14	4	1	3	6
HBP14	4	1	4	6
HBP14	4	1	5	7
HBP14	4	2	0	9
HBP14	4	2	1	12
HBP14	4	2	2	15
HBP14	4	2	3	7
HBP14	4	2	4	10
HBP14	4	2	5	13
HBP14	4	3	0	8
HBP14	4	3	1	11
HBP14	4	3	2	14
HBP14	4	3	3	9
HBP14	4	3	4	12
HBP14	4	3	5	16
HBP15	1	1	0	9
HBP15	1	1	1	9
HBP15	1	1	2	9
HBP15	1	1	3	9
HBP15	1	1	4	9
HBP15	1	1	5	10
HBP15	1	2	0	12
HBP15	1	2	1	15
HBP15	1	2	2	18
HBP15	1	2	3	10
HBP15	1	2	4	13
HBP15	1	2	5	16
HBP15	1	3	0	11
HBP15	1	3	1	14
HBP15	1	3	2	17
HBP15	1	3	3	12
HBP15	1	3	4	15
HBP15	1	3	5	19
HBP15	2	1	0	11
HBP15	2	1	1	11
HBP15	2	1	2	11
HBP15	2	1	3	11
HBP15	2	1	4	11
HBP15	2	1	5	12
HBP15	2	2	0	14
HBP15	2	2	1	17
HBP15	2	2	2	20
HBP15	2	2	3	12
HBP15	2	2	4	15
HBP15	2	2	5	18
HBP15	2	3	0	13
HBP15	2	3	1	16
HBP15	2	3	2	19
HBP15	2	3	3	14
HBP15	2	3	4	17
HBP15	2	3	5	21
HBP15	3	1	0	10
HBP15	3	1	1	10
HBP15	3	1	2	10
HBP15	3	1	3	10
HBP15	3	1	4	10
HBP15	3	1	5	11
HBP15	3	2	0	13
HBP15	3	2	1	16
HBP15	3	2	2	19
HBP15	3	2	3	11
HBP15	3	2	4	14
HBP15	3	2	5	17
HBP15	3	3	0	12
HBP15	3	3	1	15
HBP15	3	3	2	18
HBP15	3	3	3	13
HBP15	3	3	4	16
HBP15	3	3	5	20
HBP15	4	1	0	9
HBP15	4	1	1	9
HBP15	4	1	2	9
HBP15	4	1	3	9
HBP15	4	1	4	9
HBP15	4	1	5	10
HBP15	4	2	0	12
HBP15	4	2	1	15
HBP15	4	2	2	18
HBP15	4	2	3	10
HBP15	4	2	4	13
HBP15	4	2	5	16
HBP15	4	3	0	11
HBP15	4	3	1	14
HBP15	4	3	2	17
HBP15	4	3	3	12
HBP15	4	3	4	15
HBP15	4	3	5	19
HBP16	1	1	0	11
HBP16	1	1	1	11
HBP16	1	1	2	11
HBP16	1	1	3	11
HBP16	1	1	4	11
HBP16	1	1	5	12
HBP16	1	2	0	14
HBP16	1	2	1	17
HBP16	1	2	2	20
HBP16	1	2	3	12
HBP16	1	2	4	15
HBP16	1	2	5	18
HBP16	1	3	0	13
HBP16	1	3	1	16
HBP16	1	3	2	19
HBP16	1	3	3	14
HBP16	1	3	4	17
HBP16	1	3	5	21
HBP16	2	1	0	11
HBP16	2	1	1	11
HBP16	2	1	2	11
HBP16	2	1	3	11
HBP16	2	1	4	11
HBP16	2	1	5	12
HBP16	2	2	0	14
HBP16	2	2	1	17
HBP16	2	2	2	20
HBP16	2	2	3	12
HBP16	2	2	4	15
HBP16	2	2	5	18
HBP16	2	3	0	13
HBP16	2	3	1	16
HBP16	2	3	2	19
HBP16	2	3	3	14
HBP16	2	3	4	17
HBP16	2	3	5	21
HBP16	3	1	0	9
HBP16	3	1	1	9
HBP16	3	1	2	9
HBP16	3	1	3	9
HBP16	3	1	4	9
HBP16	3	1	5	10
HBP16	3	2	0	12
HBP16	3	2	1	15
HBP16	3	2	2	18
HBP16	3	2	3	10
HBP16	3	2	4	13
HBP16	3	2	5	16
HBP16	3	3	0	11
HBP16	3	3	1	14
HBP16	3	3	2	17
HBP16	3	3	3	12
HBP16	3	3	4	15
HBP16	3	3	5	19
HBP16	4	1	0	10
HBP16	4	1	1	10
HBP16	4	1	2	10
HBP16	4	1	3	10
HBP16	4	1	4	10
HBP16	4	1	5	11
HBP16	4	2	0	13
HBP16	4	2	1	16
HBP16	4	2	2	19
HBP16	4	2	3	11
HBP16	4	2	4	14
HBP16	4	2	5	17
HBP16	4	3	0	12
HBP16	4	3	1	15
HBP16	4	3	2	18
HBP16	4	3	3	13
HBP16	4	3	4	16
HBP16	4	3	5	20
HBP17	1	1	0	12
HBP17	1	1	1	12
HBP17	1	1	2	12
HBP17	1	1	3	12
HBP17	1	1	4	12
HBP17	1	1	5	13
HBP17	1	2	0	15
HBP17	1	2	1	18
HBP17	1	2	2	21
HBP17	1	2	3	13
HBP17	1	2	4	16
HBP17	1	2	5	19
HBP17	1	3	0	14
HBP17	1	3	1	17
HBP17	1	3	2	20
HBP17	1	3	3	15
HBP17	1	3	4	18
HBP17	1	3	5	22
HBP17	2	1	0	11
HBP17	2	1	1	11
HBP17	2	1	2	11
HBP17	2	1	3	11
HBP17	2	1	4	11
HBP17	2	1	5	12
HBP17	2	2	0	14
HBP17	2	2	1	17
HBP17	2	2	2	20
HBP17	2	2	3	12
HBP17	2	2	4	15
HBP17	2	2	5	18
HBP17	2	3	0	13
HBP17	2	3	1	16
HBP17	2	3	2	19
HBP17	2	3	3	14
HBP17	2	3	4	17
HBP17	2	3	5	21
HBP17	3	1	0	10
HBP17	3	1	1	10
HBP17	3	1	2	10
HBP17	3	1	3	10
HBP17	3	1	4	10
HBP17	3	1	5	11
HBP17	3	2	0	13
HBP17	3	2	1	16
HBP17	3	2	2	19
HBP17	3	2	3	11
HBP17	3	2	4	14
HBP17	3	2	5	17
HBP17	3	3	0	12
HBP17	3	3	1	15
HBP17	3	3	2	18
HBP17	3	3	3	13
HBP17	3	3	4	16
HBP17	3	3	5	20
HBP17	4	1	0	10
HBP17	4	1	1	10
HBP17	4	1	2	10
HBP17	4	1	3	10
HBP17	4	1	4	10
HBP17	4	1	5	11
HBP17	4	2	0	13
HBP17	4	2	1	16
HBP17	4	2	2	19
HBP17	4	2	3	11
HBP17	4	2	4	14
HBP17	4	2	5	17
HBP17	4	3	0	12
HBP17	4	3	1	15
HBP17	4	3	2	18
HBP17	4	3	3	13
HBP17	4	3	4	16
HBP17	4	3	5	20
HBP18	1	1	0	12
HBP18	1	1	1	12
HBP18	1	1	2	12
HBP18	1	1	3	12
HBP18	1	1	4	12
HBP18	1	1	5	13
HBP18	1	2	0	15
HBP18	1	2	1	18
HBP18	1	2	2	21
HBP18	1	2	3	13
HBP18	1	2	4	16
HBP18	1	2	5	19
HBP18	1	3	0	14
HBP18	1	3	1	17
HBP18	1	3	2	20
HBP18	1	3	3	15
HBP18	1	3	4	18
HBP18	1	3	5	22
HBP18	2	1	0	10
HBP18	2	1	1	10
HBP18	2	1	2	10
HBP18	2	1	3	10
HBP18	2	1	4	10
HBP18	2	1	5	11
HBP18	2	2	0	13
HBP18	2	2	1	16
HBP18	2	2	2	19
HBP18	2	2	3	11
HBP18	2	2	4	14
HBP18	2	2	5	17
HBP18	2	3	0	12
HBP18	2	3	1	15
HBP18	2	3	2	18
HBP18	2	3	3	13
HBP18	2	3	4	16
HBP18	2	3	5	20
HBP18	3	1	0	9
HBP18	3	1	1	9
HBP18	3	1	2	9
HBP18	3	1	3	9
HBP18	3	1	4	9
HBP18	3	1	5	10
HBP18	3	2	0	12
HBP18	3	2	1	15
HBP18	3	2	2	18
HBP18	3	2	3	10
HBP18	3	2	4	13
HBP18	3	2	5	16
HBP18	3	3	0	11
HBP18	3	3	1	14
HBP18	3	3	2	17
HBP18	3	3	3	12
HBP18	3	3	4	15
HBP18	3	3	5	19
HBP18	4	1	0	10
HBP18	4	1	1	10
HBP18	4	1	2	10
HBP18	4	1	3	10
HBP18	4	1	4	10
HBP18	4	1	5	11
HBP18	4	2	0	13
HBP18	4	2	1	16
HBP18	4	2	2	19
HBP18	4	2	3	11
HBP18	4	2	4	14
HBP18	4	2	5	17
HBP18	4	3	0	12
HBP18	4	3	1	15
HBP18	4	3	2	18
HBP18	4	3	3	13
HBP18	4	3	4	16
HBP18	4	3	5	20
HEM01	1	1	0	9
HEM01	1	1	1	8
HEM01	1	1	2	13
HEM01	1	1	3	13
HEM01	1	1	4	10
HEM01	1	1	5	8
HEM01	1	2	0	14
HEM01	1	2	1	13
HEM01	1	2	2	14
HEM01	1	2	3	13
HEM01	1	2	4	14
HEM01	1	2	5	12
HEM01	1	3	0	9
HEM01	1	3	1	11
HEM01	1	3	2	12
HEM01	1	3	3	13
HEM01	1	3	4	10
HEM01	1	3	5	9
HEM01	2	1	0	9
HEM01	2	1	1	8
HEM01	2	1	2	13
HEM01	2	1	3	13
HEM01	2	1	4	10
HEM01	2	1	5	8
HEM01	2	2	0	13
HEM01	2	2	1	13
HEM01	2	2	2	13
HEM01	2	2	3	13
HEM01	2	2	4	13
HEM01	2	2	5	12
HEM01	2	3	0	9
HEM01	2	3	1	11
HEM01	2	3	2	11
HEM01	2	3	3	12
HEM01	2	3	4	10
HEM01	2	3	5	9
HEM01	3	1	0	10
HEM01	3	1	1	9
HEM01	3	1	2	14
HEM01	3	1	3	14
HEM01	3	1	4	11
HEM01	3	1	5	9
HEM01	3	2	0	14
HEM01	3	2	1	14
HEM01	3	2	2	14
HEM01	3	2	3	14
HEM01	3	2	4	14
HEM01	3	2	5	13
HEM01	3	3	0	10
HEM01	3	3	1	12
HEM01	3	3	2	12
HEM01	3	3	3	13
HEM01	3	3	4	11
HEM01	3	3	5	10
HEM01	4	1	0	10
HEM01	4	1	1	9
HEM01	4	1	2	14
HEM01	4	1	3	14
HEM01	4	1	4	11
HEM01	4	1	5	9
HEM01	4	2	0	15
HEM01	4	2	1	14
HEM01	4	2	2	15
HEM01	4	2	3	14
HEM01	4	2	4	15
HEM01	4	2	5	13
HEM01	4	3	0	10
HEM01	4	3	1	12
HEM01	4	3	2	13
HEM01	4	3	3	14
HEM01	4	3	4	11
HEM01	4	3	5	10
HEM02	1	1	0	8
HEM02	1	1	1	7
HEM02	1	1	2	12
HEM02	1	1	3	12
HEM02	1	1	4	9
HEM02	1	1	5	7
HEM02	1	2	0	13
HEM02	1	2	1	12
HEM02	1	2	2	13
HEM02	1	2	3	12
HEM02	1	2	4	13
HEM02	1	2	5	11
HEM02	1	3	0	8
HEM02	1	3	1	10
HEM02	1	3	2	11
HEM02	1	3	3	12
HEM02	1	3	4	9
HEM02	1	3	5	8
HEM02	2	1	0	8
HEM02	2	1	1	7
HEM02	2	1	2	12
HEM02	2	1	3	12
HEM02	2	1	4	9
HEM02	2	1	5	7
HEM02	2	2	0	12
HEM02	2	2	1	12
HEM02	2	2	2	12
HEM02	2	2	3	12
HEM02	2	2	4	12
HEM02	2	2	5	11
HEM02	2	3	0	8
HEM02	2	3	1	10
HEM02	2	3	2	10
HEM02	2	3	3	11
HEM02	2	3	4	9
HEM02	2	3	5	8
HEM02	3	1	0	8
HEM02	3	1	1	7
HEM02	3	1	2	12
HEM02	3	1	3	12
HEM02	3	1	4	9
HEM02	3	1	5	7
HEM02	3	2	0	12
HEM02	3	2	1	12
HEM02	3	2	2	12
HEM02	3	2	3	12
HEM02	3	2	4	12
HEM02	3	2	5	11
HEM02	3	3	0	8
HEM02	3	3	1	10
HEM02	3	3	2	10
HEM02	3	3	3	11
HEM02	3	3	4	9
HEM02	3	3	5	8
HEM02	4	1	0	8
HEM02	4	1	1	7
HEM02	4	1	2	12
HEM02	4	1	3	12
HEM02	4	1	4	9
HEM02	4	1	5	7
HEM02	4	2	0	13
HEM02	4	2	1	12
HEM02	4	2	2	13
HEM02	4	2	3	12
HEM02	4	2	4	13
HEM02	4	2	5	11
HEM02	4	3	0	8
HEM02	4	3	1	10
HEM02	4	3	2	11
HEM02	4	3	3	12
HEM02	4	3	4	9
HEM02	4	3	5	8
HEM03	1	1	0	8
HEM03	1	1	1	7
HEM03	1	1	2	12
HEM03	1	1	3	12
HEM03	1	1	4	9
HEM03	1	1	5	7
HEM03	1	2	0	13
HEM03	1	2	1	12
HEM03	1	2	2	13
HEM03	1	2	3	12
HEM03	1	2	4	13
HEM03	1	2	5	11
HEM03	1	3	0	8
HEM03	1	3	1	10
HEM03	1	3	2	11
HEM03	1	3	3	12
HEM03	1	3	4	9
HEM03	1	3	5	8
HEM03	2	1	0	8
HEM03	2	1	1	7
HEM03	2	1	2	12
HEM03	2	1	3	12
HEM03	2	1	4	9
HEM03	2	1	5	7
HEM03	2	2	0	12
HEM03	2	2	1	12
HEM03	2	2	2	12
HEM03	2	2	3	12
HEM03	2	2	4	12
HEM03	2	2	5	11
HEM03	2	3	0	8
HEM03	2	3	1	10
HEM03	2	3	2	10
HEM03	2	3	3	11
HEM03	2	3	4	9
HEM03	2	3	5	8
HEM03	3	1	0	9
HEM03	3	1	1	8
HEM03	3	1	2	13
HEM03	3	1	3	13
HEM03	3	1	4	10
HEM03	3	1	5	8
HEM03	3	2	0	13
HEM03	3	2	1	13
HEM03	3	2	2	13
HEM03	3	2	3	13
HEM03	3	2	4	13
HEM03	3	2	5	12
HEM03	3	3	0	9
HEM03	3	3	1	11
HEM03	3	3	2	11
HEM03	3	3	3	12
HEM03	3	3	4	10
HEM03	3	3	5	9
HEM03	4	1	0	9
HEM03	4	1	1	8
HEM03	4	1	2	13
HEM03	4	1	3	13
HEM03	4	1	4	10
HEM03	4	1	5	8
HEM03	4	2	0	14
HEM03	4	2	1	13
HEM03	4	2	2	14
HEM03	4	2	3	13
HEM03	4	2	4	14
HEM03	4	2	5	12
HEM03	4	3	0	9
HEM03	4	3	1	11
HEM03	4	3	2	12
HEM03	4	3	3	13
HEM03	4	3	4	10
HEM03	4	3	5	9
HEM04	1	1	0	12
HEM04	1	1	1	11
HEM04	1	1	2	16
HEM04	1	1	3	16
HEM04	1	1	4	13
HEM04	1	1	5	11
HEM04	1	2	0	17
HEM04	1	2	1	16
HEM04	1	2	2	17
HEM04	1	2	3	16
HEM04	1	2	4	17
HEM04	1	2	5	15
HEM04	1	3	0	12
HEM04	1	3	1	14
HEM04	1	3	2	15
HEM04	1	3	3	16
HEM04	1	3	4	13
HEM04	1	3	5	12
HEM04	2	1	0	12
HEM04	2	1	1	11
HEM04	2	1	2	16
HEM04	2	1	3	16
HEM04	2	1	4	13
HEM04	2	1	5	11
HEM04	2	2	0	16
HEM04	2	2	1	16
HEM04	2	2	2	16
HEM04	2	2	3	16
HEM04	2	2	4	16
HEM04	2	2	5	15
HEM04	2	3	0	12
HEM04	2	3	1	14
HEM04	2	3	2	14
HEM04	2	3	3	15
HEM04	2	3	4	13
HEM04	2	3	5	12
HEM04	3	1	0	11
HEM04	3	1	1	10
HEM04	3	1	2	15
HEM04	3	1	3	15
HEM04	3	1	4	12
HEM04	3	1	5	10
HEM04	3	2	0	15
HEM04	3	2	1	15
HEM04	3	2	2	15
HEM04	3	2	3	15
HEM04	3	2	4	15
HEM04	3	2	5	14
HEM04	3	3	0	11
HEM04	3	3	1	13
HEM04	3	3	2	13
HEM04	3	3	3	14
HEM04	3	3	4	12
HEM04	3	3	5	11
HEM04	4	1	0	11
HEM04	4	1	1	10
HEM04	4	1	2	15
HEM04	4	1	3	15
HEM04	4	1	4	12
HEM04	4	1	5	10
HEM04	4	2	0	16
HEM04	4	2	1	15
HEM04	4	2	2	16
HEM04	4	2	3	15
HEM04	4	2	4	16
HEM04	4	2	5	14
HEM04	4	3	0	11
HEM04	4	3	1	13
HEM04	4	3	2	14
HEM04	4	3	3	15
HEM04	4	3	4	12
HEM04	4	3	5	11
HEM05	1	1	0	10
HEM05	1	1	1	9
HEM05	1	1	2	14
HEM05	1	1	3	14
HEM05	1	1	4	11
HEM05	1	1	5	9
HEM05	1	2	0	15
HEM05	1	2	1	14
HEM05	1	2	2	15
HEM05	1	2	3	14
HEM05	1	2	4	15
HEM05	1	2	5	13
HEM05	1	3	0	10
HEM05	1	3	1	12
HEM05	1	3	2	13
HEM05	1	3	3	14
HEM05	1	3	4	11
HEM05	1	3	5	10
HEM05	2	1	0	10
HEM05	2	1	1	9
HEM05	2	1	2	14
HEM05	2	1	3	14
HEM05	2	1	4	11
HEM05	2	1	5	9
HEM05	2	2	0	14
HEM05	2	2	1	14
HEM05	2	2	2	14
HEM05	2	2	3	14
HEM05	2	2	4	14
HEM05	2	2	5	13
HEM05	2	3	0	10
HEM05	2	3	1	12
HEM05	2	3	2	12
HEM05	2	3	3	13
HEM05	2	3	4	11
HEM05	2	3	5	10
HEM05	3	1	0	11
HEM05	3	1	1	10
HEM05	3	1	2	15
HEM05	3	1	3	15
HEM05	3	1	4	12
HEM05	3	1	5	10
HEM05	3	2	0	15
HEM05	3	2	1	15
HEM05	3	2	2	15
HEM05	3	2	3	15
HEM05	3	2	4	15
HEM05	3	2	5	14
HEM05	3	3	0	11
HEM05	3	3	1	13
HEM05	3	3	2	13
HEM05	3	3	3	14
HEM05	3	3	4	12
HEM05	3	3	5	11
HEM05	4	1	0	11
HEM05	4	1	1	10
HEM05	4	1	2	15
HEM05	4	1	3	15
HEM05	4	1	4	12
HEM05	4	1	5	10
HEM05	4	2	0	16
HEM05	4	2	1	15
HEM05	4	2	2	16
HEM05	4	2	3	15
HEM05	4	2	4	16
HEM05	4	2	5	14
HEM05	4	3	0	11
HEM05	4	3	1	13
HEM05	4	3	2	14
HEM05	4	3	3	15
HEM05	4	3	4	12
HEM05	4	3	5	11
HEM06	1	1	0	11
HEM06	1	1	1	10
HEM06	1	1	2	15
HEM06	1	1	3	15
HEM06	1	1	4	12
HEM06	1	1	5	10
HEM06	1	2	0	16
HEM06	1	2	1	15
HEM06	1	2	2	16
HEM06	1	2	3	15
HEM06	1	2	4	16
HEM06	1	2	5	14
HEM06	1	3	0	11
HEM06	1	3	1	13
HEM06	1	3	2	14
HEM06	1	3	3	15
HEM06	1	3	4	12
HEM06	1	3	5	11
HEM06	2	1	0	11
HEM06	2	1	1	10
HEM06	2	1	2	15
HEM06	2	1	3	15
HEM06	2	1	4	12
HEM06	2	1	5	10
HEM06	2	2	0	15
HEM06	2	2	1	15
HEM06	2	2	2	15
HEM06	2	2	3	15
HEM06	2	2	4	15
HEM06	2	2	5	14
HEM06	2	3	0	11
HEM06	2	3	1	13
HEM06	2	3	2	13
HEM06	2	3	3	14
HEM06	2	3	4	12
HEM06	2	3	5	11
HEM06	3	1	0	11
HEM06	3	1	1	10
HEM06	3	1	2	15
HEM06	3	1	3	15
HEM06	3	1	4	12
HEM06	3	1	5	10
HEM06	3	2	0	15
HEM06	3	2	1	15
HEM06	3	2	2	15
HEM06	3	2	3	15
HEM06	3	2	4	15
HEM06	3	2	5	14
HEM06	3	3	0	11
HEM06	3	3	1	13
HEM06	3	3	2	13
HEM06	3	3	3	14
HEM06	3	3	4	12
HEM06	3	3	5	11
HEM06	4	1	0	11
HEM06	4	1	1	10
HEM06	4	1	2	15
HEM06	4	1	3	15
HEM06	4	1	4	12
HEM06	4	1	5	10
HEM06	4	2	0	16
HEM06	4	2	1	15
HEM06	4	2	2	16
HEM06	4	2	3	15
HEM06	4	2	4	16
HEM06	4	2	5	14
HEM06	4	3	0	11
HEM06	4	3	1	13
HEM06	4	3	2	14
HEM06	4	3	3	15
HEM06	4	3	4	12
HEM06	4	3	5	11
HEM07	1	1	0	10
HEM07	1	1	1	9
HEM07	1	1	2	14
HEM07	1	1	3	14
HEM07	1	1	4	11
HEM07	1	1	5	9
HEM07	1	2	0	15
HEM07	1	2	1	14
HEM07	1	2	2	15
HEM07	1	2	3	14
HEM07	1	2	4	15
HEM07	1	2	5	13
HEM07	1	3	0	10
HEM07	1	3	1	12
HEM07	1	3	2	13
HEM07	1	3	3	14
HEM07	1	3	4	11
HEM07	1	3	5	10
HEM07	2	1	0	10
HEM07	2	1	1	9
HEM07	2	1	2	14
HEM07	2	1	3	14
HEM07	2	1	4	11
HEM07	2	1	5	9
HEM07	2	2	0	14
HEM07	2	2	1	14
HEM07	2	2	2	14
HEM07	2	2	3	14
HEM07	2	2	4	14
HEM07	2	2	5	13
HEM07	2	3	0	10
HEM07	2	3	1	12
HEM07	2	3	2	12
HEM07	2	3	3	13
HEM07	2	3	4	11
HEM07	2	3	5	10
HEM07	3	1	0	11
HEM07	3	1	1	10
HEM07	3	1	2	15
HEM07	3	1	3	15
HEM07	3	1	4	12
HEM07	3	1	5	10
HEM07	3	2	0	15
HEM07	3	2	1	15
HEM07	3	2	2	15
HEM07	3	2	3	15
HEM07	3	2	4	15
HEM07	3	2	5	14
HEM07	3	3	0	11
HEM07	3	3	1	13
HEM07	3	3	2	13
HEM07	3	3	3	14
HEM07	3	3	4	12
HEM07	3	3	5	11
HEM07	4	1	0	11
HEM07	4	1	1	10
HEM07	4	1	2	15
HEM07	4	1	3	15
HEM07	4	1	4	12
HEM07	4	1	5	10
HEM07	4	2	0	16
HEM07	4	2	1	15
HEM07	4	2	2	16
HEM07	4	2	3	15
HEM07	4	2	4	16
HEM07	4	2	5	14
HEM07	4	3	0	11
HEM07	4	3	1	13
HEM07	4	3	2	14
HEM07	4	3	3	15
HEM07	4	3	4	12
HEM07	4	3	5	11
HEM08	1	1	0	11
HEM08	1	1	1	10
HEM08	1	1	2	15
HEM08	1	1	3	15
HEM08	1	1	4	12
HEM08	1	1	5	10
HEM08	1	2	0	16
HEM08	1	2	1	15
HEM08	1	2	2	16
HEM08	1	2	3	15
HEM08	1	2	4	16
HEM08	1	2	5	14
HEM08	1	3	0	11
HEM08	1	3	1	13
HEM08	1	3	2	14
HEM08	1	3	3	15
HEM08	1	3	4	12
HEM08	1	3	5	11
HEM08	2	1	0	11
HEM08	2	1	1	10
HEM08	2	1	2	15
HEM08	2	1	3	15
HEM08	2	1	4	12
HEM08	2	1	5	10
HEM08	2	2	0	15
HEM08	2	2	1	15
HEM08	2	2	2	15
HEM08	2	2	3	15
HEM08	2	2	4	15
HEM08	2	2	5	14
HEM08	2	3	0	11
HEM08	2	3	1	13
HEM08	2	3	2	13
HEM08	2	3	3	14
HEM08	2	3	4	12
HEM08	2	3	5	11
HEM08	3	1	0	12
HEM08	3	1	1	11
HEM08	3	1	2	16
HEM08	3	1	3	16
HEM08	3	1	4	13
HEM08	3	1	5	11
HEM08	3	2	0	16
HEM08	3	2	1	16
HEM08	3	2	2	16
HEM08	3	2	3	16
HEM08	3	2	4	16
HEM08	3	2	5	15
HEM08	3	3	0	12
HEM08	3	3	1	14
HEM08	3	3	2	14
HEM08	3	3	3	15
HEM08	3	3	4	13
HEM08	3	3	5	12
HEM08	4	1	0	12
HEM08	4	1	1	11
HEM08	4	1	2	16
HEM08	4	1	3	16
HEM08	4	1	4	13
HEM08	4	1	5	11
HEM08	4	2	0	17
HEM08	4	2	1	16
HEM08	4	2	2	17
HEM08	4	2	3	16
HEM08	4	2	4	17
HEM08	4	2	5	15
HEM08	4	3	0	12
HEM08	4	3	1	14
HEM08	4	3	2	15
HEM08	4	3	3	16
HEM08	4	3	4	13
HEM08	4	3	5	12
HEM09	1	1	0	13
HEM09	1	1	1	12
HEM09	1	1	2	17
HEM09	1	1	3	17
HEM09	1	1	4	14
HEM09	1	1	5	12
HEM09	1	2	0	18
HEM09	1	2	1	17
HEM09	1	2	2	18
HEM09	1	2	3	17
HEM09	1	2	4	18
HEM09	1	2	5	16
HEM09	1	3	0	13
HEM09	1	3	1	15
HEM09	1	3	2	16
HEM09	1	3	3	17
HEM09	1	3	4	14
HEM09	1	3	5	13
HEM09	2	1	0	13
HEM09	2	1	1	12
HEM09	2	1	2	17
HEM09	2	1	3	17
HEM09	2	1	4	14
HEM09	2	1	5	12
HEM09	2	2	0	17
HEM09	2	2	1	17
HEM09	2	2	2	17
HEM09	2	2	3	17
HEM09	2	2	4	17
HEM09	2	2	5	16
HEM09	2	3	0	13
HEM09	2	3	1	15
HEM09	2	3	2	15
HEM09	2	3	3	16
HEM09	2	3	4	14
HEM09	2	3	5	13
HEM09	3	1	0	13
HEM09	3	1	1	12
HEM09	3	1	2	17
HEM09	3	1	3	17
HEM09	3	1	4	14
HEM09	3	1	5	12
HEM09	3	2	0	17
HEM09	3	2	1	17
HEM09	3	2	2	17
HEM09	3	2	3	17
HEM09	3	2	4	17
HEM09	3	2	5	16
HEM09	3	3	0	13
HEM09	3	3	1	15
HEM09	3	3	2	15
HEM09	3	3	3	16
HEM09	3	3	4	14
HEM09	3	3	5	13
HEM09	4	1	0	13
HEM09	4	1	1	12
HEM09	4	1	2	17
HEM09	4	1	3	17
HEM09	4	1	4	14
HEM09	4	1	5	12
HEM09	4	2	0	18
HEM09	4	2	1	17
HEM09	4	2	2	18
HEM09	4	2	3	17
HEM09	4	2	4	18
HEM09	4	2	5	16
HEM09	4	3	0	13
HEM09	4	3	1	15
HEM09	4	3	2	16
HEM09	4	3	3	17
HEM09	4	3	4	14
HEM09	4	3	5	13
HEM10	1	1	0	9
HEM10	1	1	1	8
HEM10	1	1	2	13
HEM10	1	1	3	13
HEM10	1	1	4	10
HEM10	1	1	5	8
HEM10	1	2	0	14
HEM10	1	2	1	13
HEM10	1	2	2	14
HEM10	1	2	3	13
HEM10	1	2	4	14
HEM10	1	2	5	12
HEM10	1	3	0	9
HEM10	1	3	1	11
HEM10	1	3	2	12
HEM10	1	3	3	13
HEM10	1	3	4	10
HEM10	1	3	5	9
HEM10	2	1	0	9
HEM10	2	1	1	8
HEM10	2	1	2	13
HEM10	2	1	3	13
HEM10	2	1	4	10
HEM10	2	1	5	8
HEM10	2	2	0	13
HEM10	2	2	1	13
HEM10	2	2	2	13
HEM10	2	2	3	13
HEM10	2	2	4	13
HEM10	2	2	5	12
HEM10	2	3	0	9
HEM10	2	3	1	11
HEM10	2	3	2	11
HEM10	2	3	3	12
HEM10	2	3	4	10
HEM10	2	3	5	9
HEM10	3	1	0	9
HEM10	3	1	1	8
HEM10	3	1	2	13
HEM10	3	1	3	13
HEM10	3	1	4	10
HEM10	3	1	5	8
HEM10	3	2	0	13
HEM10	3	2	1	13
HEM10	3	2	2	13
HEM10	3	2	3	13
HEM10	3	2	4	13
HEM10	3	2	5	12
HEM10	3	3	0	9
HEM10	3	3	1	11
HEM10	3	3	2	11
HEM10	3	3	3	12
HEM10	3	3	4	10
HEM10	3	3	5	9
HEM10	4	1	0	9
HEM10	4	1	1	8
HEM10	4	1	2	13
HEM10	4	1	3	13
HEM10	4	1	4	10
HEM10	4	1	5	8
HEM10	4	2	0	14
HEM10	4	2	1	13
HEM10	4	2	2	14
HEM10	4	2	3	13
HEM10	4	2	4	14
HEM10	4	2	5	12
HEM10	4	3	0	9
HEM10	4	3	1	11
HEM10	4	3	2	12
HEM10	4	3	3	13
HEM10	4	3	4	10
HEM10	4	3	5	9
HEM11	1	1	0	12
HEM11	1	1	1	11
HEM11	1	1	2	16
HEM11	1	1	3	16
HEM11	1	1	4	13
HEM11	1	1	5	11
HEM11	1	2	0	17
HEM11	1	2	1	16
HEM11	1	2	2	17
HEM11	1	2	3	16
HEM11	1	2	4	17
HEM11	1	2	5	15
HEM11	1	3	0	12
HEM11	1	3	1	14
HEM11	1	3	2	15
HEM11	1	3	3	16
HEM11	1	3	4	13
HEM11	1	3	5	12
HEM11	2	1	0	12
HEM11	2	1	1	11
HEM11	2	1	2	16
HEM11	2	1	3	16
HEM11	2	1	4	13
HEM11	2	1	5	11
HEM11	2	2	0	16
HEM11	2	2	1	16
HEM11	2	2	2	16
HEM11	2	2	3	16
HEM11	2	2	4	16
HEM11	2	2	5	15
HEM11	2	3	0	12
HEM11	2	3	1	14
HEM11	2	3	2	14
HEM11	2	3	3	15
HEM11	2	3	4	13
HEM11	2	3	5	12
HEM11	3	1	0	12
HEM11	3	1	1	11
HEM11	3	1	2	16
HEM11	3	1	3	16
HEM11	3	1	4	13
HEM11	3	1	5	11
HEM11	3	2	0	16
HEM11	3	2	1	16
HEM11	3	2	2	16
HEM11	3	2	3	16
HEM11	3	2	4	16
HEM11	3	2	5	15
HEM11	3	3	0	12
HEM11	3	3	1	14
HEM11	3	3	2	14
HEM11	3	3	3	15
HEM11	3	3	4	13
HEM11	3	3	5	12
HEM11	4	1	0	12
HEM11	4	1	1	11
HEM11	4	1	2	16
HEM11	4	1	3	16
HEM11	4	1	4	13
HEM11	4	1	5	11
HEM11	4	2	0	17
HEM11	4	2	1	16
HEM11	4	2	2	17
HEM11	4	2	3	16
HEM11	4	2	4	17
HEM11	4	2	5	15
HEM11	4	3	0	12
HEM11	4	3	1	14
HEM11	4	3	2	15
HEM11	4	3	3	16
HEM11	4	3	4	13
HEM11	4	3	5	12
HEM12	1	1	0	11
HEM12	1	1	1	10
HEM12	1	1	2	15
HEM12	1	1	3	15
HEM12	1	1	4	12
HEM12	1	1	5	10
HEM12	1	2	0	16
HEM12	1	2	1	15
HEM12	1	2	2	16
HEM12	1	2	3	15
HEM12	1	2	4	16
HEM12	1	2	5	14
HEM12	1	3	0	11
HEM12	1	3	1	13
HEM12	1	3	2	14
HEM12	1	3	3	15
HEM12	1	3	4	12
HEM12	1	3	5	11
HEM12	2	1	0	11
HEM12	2	1	1	10
HEM12	2	1	2	15
HEM12	2	1	3	15
HEM12	2	1	4	12
HEM12	2	1	5	10
HEM12	2	2	0	15
HEM12	2	2	1	15
HEM12	2	2	2	15
HEM12	2	2	3	15
HEM12	2	2	4	15
HEM12	2	2	5	14
HEM12	2	3	0	11
HEM12	2	3	1	13
HEM12	2	3	2	13
HEM12	2	3	3	14
HEM12	2	3	4	12
HEM12	2	3	5	11
HEM12	3	1	0	12
HEM12	3	1	1	11
HEM12	3	1	2	16
HEM12	3	1	3	16
HEM12	3	1	4	13
HEM12	3	1	5	11
HEM12	3	2	0	16
HEM12	3	2	1	16
HEM12	3	2	2	16
HEM12	3	2	3	16
HEM12	3	2	4	16
HEM12	3	2	5	15
HEM12	3	3	0	12
HEM12	3	3	1	14
HEM12	3	3	2	14
HEM12	3	3	3	15
HEM12	3	3	4	13
HEM12	3	3	5	12
HEM12	4	1	0	12
HEM12	4	1	1	11
HEM12	4	1	2	16
HEM12	4	1	3	16
HEM12	4	1	4	13
HEM12	4	1	5	11
HEM12	4	2	0	17
HEM12	4	2	1	16
HEM12	4	2	2	17
HEM12	4	2	3	16
HEM12	4	2	4	17
HEM12	4	2	5	15
HEM12	4	3	0	12
HEM12	4	3	1	14
HEM12	4	3	2	15
HEM12	4	3	3	16
HEM12	4	3	4	13
HEM12	4	3	5	12
HEM13	1	1	0	16
HEM13	1	1	1	15
HEM13	1	1	2	20
HEM13	1	1	3	20
HEM13	1	1	4	17
HEM13	1	1	5	15
HEM13	1	2	0	21
HEM13	1	2	1	20
HEM13	1	2	2	21
HEM13	1	2	3	20
HEM13	1	2	4	21
HEM13	1	2	5	19
HEM13	1	3	0	16
HEM13	1	3	1	18
HEM13	1	3	2	19
HEM13	1	3	3	20
HEM13	1	3	4	17
HEM13	1	3	5	16
HEM13	2	1	0	16
HEM13	2	1	1	15
HEM13	2	1	2	20
HEM13	2	1	3	20
HEM13	2	1	4	17
HEM13	2	1	5	15
HEM13	2	2	0	20
HEM13	2	2	1	20
HEM13	2	2	2	20
HEM13	2	2	3	20
HEM13	2	2	4	20
HEM13	2	2	5	19
HEM13	2	3	0	16
HEM13	2	3	1	18
HEM13	2	3	2	18
HEM13	2	3	3	19
HEM13	2	3	4	17
HEM13	2	3	5	16
HEM13	3	1	0	15
HEM13	3	1	1	14
HEM13	3	1	2	19
HEM13	3	1	3	19
HEM13	3	1	4	16
HEM13	3	1	5	14
HEM13	3	2	0	19
HEM13	3	2	1	19
HEM13	3	2	2	19
HEM13	3	2	3	19
HEM13	3	2	4	19
HEM13	3	2	5	18
HEM13	3	3	0	15
HEM13	3	3	1	17
HEM13	3	3	2	17
HEM13	3	3	3	18
HEM13	3	3	4	16
HEM13	3	3	5	15
HEM13	4	1	0	15
HEM13	4	1	1	14
HEM13	4	1	2	19
HEM13	4	1	3	19
HEM13	4	1	4	16
HEM13	4	1	5	14
HEM13	4	2	0	20
HEM13	4	2	1	19
HEM13	4	2	2	20
HEM13	4	2	3	19
HEM13	4	2	4	20
HEM13	4	2	5	18
HEM13	4	3	0	15
HEM13	4	3	1	17
HEM13	4	3	2	18
HEM13	4	3	3	19
HEM13	4	3	4	16
HEM13	4	3	5	15
HEM14	1	1	0	12
HEM14	1	1	1	11
HEM14	1	1	2	16
HEM14	1	1	3	16
HEM14	1	1	4	13
HEM14	1	1	5	11
HEM14	1	2	0	17
HEM14	1	2	1	16
HEM14	1	2	2	17
HEM14	1	2	3	16
HEM14	1	2	4	17
HEM14	1	2	5	15
HEM14	1	3	0	12
HEM14	1	3	1	14
HEM14	1	3	2	15
HEM14	1	3	3	16
HEM14	1	3	4	13
HEM14	1	3	5	12
HEM14	2	1	0	12
HEM14	2	1	1	11
HEM14	2	1	2	16
HEM14	2	1	3	16
HEM14	2	1	4	13
HEM14	2	1	5	11
HEM14	2	2	0	16
HEM14	2	2	1	16
HEM14	2	2	2	16
HEM14	2	2	3	16
HEM14	2	2	4	16
HEM14	2	2	5	15
HEM14	2	3	0	12
HEM14	2	3	1	14
HEM14	2	3	2	14
HEM14	2	3	3	15
HEM14	2	3	4	13
HEM14	2	3	5	12
HEM14	3	1	0	11
HEM14	3	1	1	10
HEM14	3	1	2	15
HEM14	3	1	3	15
HEM14	3	1	4	12
HEM14	3	1	5	10
HEM14	3	2	0	15
HEM14	3	2	1	15
HEM14	3	2	2	15
HEM14	3	2	3	15
HEM14	3	2	4	15
HEM14	3	2	5	14
HEM14	3	3	0	11
HEM14	3	3	1	13
HEM14	3	3	2	13
HEM14	3	3	3	14
HEM14	3	3	4	12
HEM14	3	3	5	11
HEM14	4	1	0	11
HEM14	4	1	1	10
HEM14	4	1	2	15
HEM14	4	1	3	15
HEM14	4	1	4	12
HEM14	4	1	5	10
HEM14	4	2	0	16
HEM14	4	2	1	15
HEM14	4	2	2	16
HEM14	4	2	3	15
HEM14	4	2	4	16
HEM14	4	2	5	14
HEM14	4	3	0	11
HEM14	4	3	1	13
HEM14	4	3	2	14
HEM14	4	3	3	15
HEM14	4	3	4	12
HEM14	4	3	5	11
HEM15	1	1	0	13
HEM15	1	1	1	12
HEM15	1	1	2	17
HEM15	1	1	3	17
HEM15	1	1	4	14
HEM15	1	1	5	12
HEM15	1	2	0	18
HEM15	1	2	1	17
HEM15	1	2	2	18
HEM15	1	2	3	17
HEM15	1	2	4	18
HEM15	1	2	5	16
HEM15	1	3	0	13
HEM15	1	3	1	15
HEM15	1	3	2	16
HEM15	1	3	3	17
HEM15	1	3	4	14
HEM15	1	3	5	13
HEM15	2	1	0	13
HEM15	2	1	1	12
HEM15	2	1	2	17
HEM15	2	1	3	17
HEM15	2	1	4	14
HEM15	2	1	5	12
HEM15	2	2	0	17
HEM15	2	2	1	17
HEM15	2	2	2	17
HEM15	2	2	3	17
HEM15	2	2	4	17
HEM15	2	2	5	16
HEM15	2	3	0	13
HEM15	2	3	1	15
HEM15	2	3	2	15
HEM15	2	3	3	16
HEM15	2	3	4	14
HEM15	2	3	5	13
HEM15	3	1	0	13
HEM15	3	1	1	12
HEM15	3	1	2	17
HEM15	3	1	3	17
HEM15	3	1	4	14
HEM15	3	1	5	12
HEM15	3	2	0	17
HEM15	3	2	1	17
HEM15	3	2	2	17
HEM15	3	2	3	17
HEM15	3	2	4	17
HEM15	3	2	5	16
HEM15	3	3	0	13
HEM15	3	3	1	15
HEM15	3	3	2	15
HEM15	3	3	3	16
HEM15	3	3	4	14
HEM15	3	3	5	13
HEM15	4	1	0	13
HEM15	4	1	1	12
HEM15	4	1	2	17
HEM15	4	1	3	17
HEM15	4	1	4	14
HEM15	4	1	5	12
HEM15	4	2	0	18
HEM15	4	2	1	17
HEM15	4	2	2	18
HEM15	4	2	3	17
HEM15	4	2	4	18
HEM15	4	2	5	16
HEM15	4	3	0	13
HEM15	4	3	1	15
HEM15	4	3	2	16
HEM15	4	3	3	17
HEM15	4	3	4	14
HEM15	4	3	5	13
HEM16	1	1	0	11
HEM16	1	1	1	10
HEM16	1	1	2	15
HEM16	1	1	3	15
HEM16	1	1	4	12
HEM16	1	1	5	10
HEM16	1	2	0	16
HEM16	1	2	1	15
HEM16	1	2	2	16
HEM16	1	2	3	15
HEM16	1	2	4	16
HEM16	1	2	5	14
HEM16	1	3	0	11
HEM16	1	3	1	13
HEM16	1	3	2	14
HEM16	1	3	3	15
HEM16	1	3	4	12
HEM16	1	3	5	11
HEM16	2	1	0	11
HEM16	2	1	1	10
HEM16	2	1	2	15
HEM16	2	1	3	15
HEM16	2	1	4	12
HEM16	2	1	5	10
HEM16	2	2	0	15
HEM16	2	2	1	15
HEM16	2	2	2	15
HEM16	2	2	3	15
HEM16	2	2	4	15
HEM16	2	2	5	14
HEM16	2	3	0	11
HEM16	2	3	1	13
HEM16	2	3	2	13
HEM16	2	3	3	14
HEM16	2	3	4	12
HEM16	2	3	5	11
HEM16	3	1	0	11
HEM16	3	1	1	10
HEM16	3	1	2	15
HEM16	3	1	3	15
HEM16	3	1	4	12
HEM16	3	1	5	10
HEM16	3	2	0	15
HEM16	3	2	1	15
HEM16	3	2	2	15
HEM16	3	2	3	15
HEM16	3	2	4	15
HEM16	3	2	5	14
HEM16	3	3	0	11
HEM16	3	3	1	13
HEM16	3	3	2	13
HEM16	3	3	3	14
HEM16	3	3	4	12
HEM16	3	3	5	11
HEM16	4	1	0	11
HEM16	4	1	1	10
HEM16	4	1	2	15
HEM16	4	1	3	15
HEM16	4	1	4	12
HEM16	4	1	5	10
HEM16	4	2	0	16
HEM16	4	2	1	15
HEM16	4	2	2	16
HEM16	4	2	3	15
HEM16	4	2	4	16
HEM16	4	2	5	14
HEM16	4	3	0	11
HEM16	4	3	1	13
HEM16	4	3	2	14
HEM16	4	3	3	15
HEM16	4	3	4	12
HEM16	4	3	5	11
HEM17	1	1	0	14
HEM17	1	1	1	13
HEM17	1	1	2	18
HEM17	1	1	3	18
HEM17	1	1	4	15
HEM17	1	1	5	13
HEM17	1	2	0	19
HEM17	1	2	1	18
HEM17	1	2	2	19
HEM17	1	2	3	18
HEM17	1	2	4	19
HEM17	1	2	5	17
HEM17	1	3	0	14
HEM17	1	3	1	16
HEM17	1	3	2	17
HEM17	1	3	3	18
HEM17	1	3	4	15
HEM17	1	3	5	14
HEM17	2	1	0	14
HEM17	2	1	1	13
HEM17	2	1	2	18
HEM17	2	1	3	18
HEM17	2	1	4	15
HEM17	2	1	5	13
HEM17	2	2	0	18
HEM17	2	2	1	18
HEM17	2	2	2	18
HEM17	2	2	3	18
HEM17	2	2	4	18
HEM17	2	2	5	17
HEM17	2	3	0	14
HEM17	2	3	1	16
HEM17	2	3	2	16
HEM17	2	3	3	17
HEM17	2	3	4	15
HEM17	2	3	5	14
HEM17	3	1	0	13
HEM17	3	1	1	12
HEM17	3	1	2	17
HEM17	3	1	3	17
HEM17	3	1	4	14
HEM17	3	1	5	12
HEM17	3	2	0	17
HEM17	3	2	1	17
HEM17	3	2	2	17
HEM17	3	2	3	17
HEM17	3	2	4	17
HEM17	3	2	5	16
HEM17	3	3	0	13
HEM17	3	3	1	15
HEM17	3	3	2	15
HEM17	3	3	3	16
HEM17	3	3	4	14
HEM17	3	3	5	13
HEM17	4	1	0	13
HEM17	4	1	1	12
HEM17	4	1	2	17
HEM17	4	1	3	17
HEM17	4	1	4	14
HEM17	4	1	5	12
HEM17	4	2	0	18
HEM17	4	2	1	17
HEM17	4	2	2	18
HEM17	4	2	3	17
HEM17	4	2	4	18
HEM17	4	2	5	16
HEM17	4	3	0	13
HEM17	4	3	1	15
HEM17	4	3	2	16
HEM17	4	3	3	17
HEM17	4	3	4	14
HEM17	4	3	5	13
HEM18	1	1	0	12
HEM18	1	1	1	11
HEM18	1	1	2	16
HEM18	1	1	3	16
HEM18	1	1	4	13
HEM18	1	1	5	11
HEM18	1	2	0	17
HEM18	1	2	1	16
HEM18	1	2	2	17
HEM18	1	2	3	16
HEM18	1	2	4	17
HEM18	1	2	5	15
HEM18	1	3	0	12
HEM18	1	3	1	14
HEM18	1	3	2	15
HEM18	1	3	3	16
HEM18	1	3	4	13
HEM18	1	3	5	12
HEM18	2	1	0	12
HEM18	2	1	1	11
HEM18	2	1	2	16
HEM18	2	1	3	16
HEM18	2	1	4	13
HEM18	2	1	5	11
HEM18	2	2	0	16
HEM18	2	2	1	16
HEM18	2	2	2	16
HEM18	2	2	3	16
HEM18	2	2	4	16
HEM18	2	2	5	15
HEM18	2	3	0	12
HEM18	2	3	1	14
HEM18	2	3	2	14
HEM18	2	3	3	15
HEM18	2	3	4	13
HEM18	2	3	5	12
HEM18	3	1	0	11
HEM18	3	1	1	10
HEM18	3	1	2	15
HEM18	3	1	3	15
HEM18	3	1	4	12
HEM18	3	1	5	10
HEM18	3	2	0	15
HEM18	3	2	1	15
HEM18	3	2	2	15
HEM18	3	2	3	15
HEM18	3	2	4	15
HEM18	3	2	5	14
HEM18	3	3	0	11
HEM18	3	3	1	13
HEM18	3	3	2	13
HEM18	3	3	3	14
HEM18	3	3	4	12
HEM18	3	3	5	11
HEM18	4	1	0	11
HEM18	4	1	1	10
HEM18	4	1	2	15
HEM18	4	1	3	15
HEM18	4	1	4	12
HEM18	4	1	5	10
HEM18	4	2	0	16
HEM18	4	2	1	15
HEM18	4	2	2	16
HEM18	4	2	3	15
HEM18	4	2	4	16
HEM18	4	2	5	14
HEM18	4	3	0	11
HEM18	4	3	1	13
HEM18	4	3	2	14
HEM18	4	3	3	15
HEM18	4	3	4	12
HEM18	4	3	5	11
HEP01	1	1	0	12
HEP01	1	1	1	11
HEP01	1	1	2	16
HEP01	1	1	3	16
HEP01	1	1	4	13
HEP01	1	1	5	11
HEP01	1	2	0	17
HEP01	1	2	1	16
HEP01	1	2	2	17
HEP01	1	2	3	16
HEP01	1	2	4	17
HEP01	1	2	5	15
HEP01	1	3	0	12
HEP01	1	3	1	14
HEP01	1	3	2	15
HEP01	1	3	3	16
HEP01	1	3	4	13
HEP01	1	3	5	12
HEP01	2	1	0	12
HEP01	2	1	1	11
HEP01	2	1	2	16
HEP01	2	1	3	16
HEP01	2	1	4	13
HEP01	2	1	5	11
HEP01	2	2	0	16
HEP01	2	2	1	16
HEP01	2	2	2	16
HEP01	2	2	3	16
HEP01	2	2	4	16
HEP01	2	2	5	15
HEP01	2	3	0	12
HEP01	2	3	1	14
HEP01	2	3	2	14
HEP01	2	3	3	15
HEP01	2	3	4	13
HEP01	2	3	5	12
HEP01	3	1	0	13
HEP01	3	1	1	12
HEP01	3	1	2	17
HEP01	3	1	3	17
HEP01	3	1	4	14
HEP01	3	1	5	12
HEP01	3	2	0	17
HEP01	3	2	1	17
HEP01	3	2	2	17
HEP01	3	2	3	17
HEP01	3	2	4	17
HEP01	3	2	5	16
HEP01	3	3	0	13
HEP01	3	3	1	15
HEP01	3	3	2	15
HEP01	3	3	3	16
HEP01	3	3	4	14
HEP01	3	3	5	13
HEP01	4	1	0	13
HEP01	4	1	1	12
HEP01	4	1	2	17
HEP01	4	1	3	17
HEP01	4	1	4	14
HEP01	4	1	5	12
HEP01	4	2	0	18
HEP01	4	2	1	17
HEP01	4	2	2	18
HEP01	4	2	3	17
HEP01	4	2	4	18
HEP01	4	2	5	16
HEP01	4	3	0	13
HEP01	4	3	1	15
HEP01	4	3	2	16
HEP01	4	3	3	17
HEP01	4	3	4	14
HEP01	4	3	5	13
HEP02	1	1	0	9
HEP02	1	1	1	8
HEP02	1	1	2	13
HEP02	1	1	3	13
HEP02	1	1	4	10
HEP02	1	1	5	8
HEP02	1	2	0	14
HEP02	1	2	1	13
HEP02	1	2	2	14
HEP02	1	2	3	13
HEP02	1	2	4	14
HEP02	1	2	5	12
HEP02	1	3	0	9
HEP02	1	3	1	11
HEP02	1	3	2	12
HEP02	1	3	3	13
HEP02	1	3	4	10
HEP02	1	3	5	9
HEP02	2	1	0	9
HEP02	2	1	1	8
HEP02	2	1	2	13
HEP02	2	1	3	13
HEP02	2	1	4	10
HEP02	2	1	5	8
HEP02	2	2	0	13
HEP02	2	2	1	13
HEP02	2	2	2	13
HEP02	2	2	3	13
HEP02	2	2	4	13
HEP02	2	2	5	12
HEP02	2	3	0	9
HEP02	2	3	1	11
HEP02	2	3	2	11
HEP02	2	3	3	12
HEP02	2	3	4	10
HEP02	2	3	5	9
HEP02	3	1	0	9
HEP02	3	1	1	8
HEP02	3	1	2	13
HEP02	3	1	3	13
HEP02	3	1	4	10
HEP02	3	1	5	8
HEP02	3	2	0	13
HEP02	3	2	1	13
HEP02	3	2	2	13
HEP02	3	2	3	13
HEP02	3	2	4	13
HEP02	3	2	5	12
HEP02	3	3	0	9
HEP02	3	3	1	11
HEP02	3	3	2	11
HEP02	3	3	3	12
HEP02	3	3	4	10
HEP02	3	3	5	9
HEP02	4	1	0	9
HEP02	4	1	1	8
HEP02	4	1	2	13
HEP02	4	1	3	13
HEP02	4	1	4	10
HEP02	4	1	5	8
HEP02	4	2	0	14
HEP02	4	2	1	13
HEP02	4	2	2	14
HEP02	4	2	3	13
HEP02	4	2	4	14
HEP02	4	2	5	12
HEP02	4	3	0	9
HEP02	4	3	1	11
HEP02	4	3	2	12
HEP02	4	3	3	13
HEP02	4	3	4	10
HEP02	4	3	5	9
HEP03	1	1	0	12
HEP03	1	1	1	11
HEP03	1	1	2	16
HEP03	1	1	3	16
HEP03	1	1	4	13
HEP03	1	1	5	11
HEP03	1	2	0	17
HEP03	1	2	1	16
HEP03	1	2	2	17
HEP03	1	2	3	16
HEP03	1	2	4	17
HEP03	1	2	5	15
HEP03	1	3	0	12
HEP03	1	3	1	14
HEP03	1	3	2	15
HEP03	1	3	3	16
HEP03	1	3	4	13
HEP03	1	3	5	12
HEP03	2	1	0	12
HEP03	2	1	1	11
HEP03	2	1	2	16
HEP03	2	1	3	16
HEP03	2	1	4	13
HEP03	2	1	5	11
HEP03	2	2	0	16
HEP03	2	2	1	16
HEP03	2	2	2	16
HEP03	2	2	3	16
HEP03	2	2	4	16
HEP03	2	2	5	15
HEP03	2	3	0	12
HEP03	2	3	1	14
HEP03	2	3	2	14
HEP03	2	3	3	15
HEP03	2	3	4	13
HEP03	2	3	5	12
HEP03	3	1	0	11
HEP03	3	1	1	10
HEP03	3	1	2	15
HEP03	3	1	3	15
HEP03	3	1	4	12
HEP03	3	1	5	10
HEP03	3	2	0	15
HEP03	3	2	1	15
HEP03	3	2	2	15
HEP03	3	2	3	15
HEP03	3	2	4	15
HEP03	3	2	5	14
HEP03	3	3	0	11
HEP03	3	3	1	13
HEP03	3	3	2	13
HEP03	3	3	3	14
HEP03	3	3	4	12
HEP03	3	3	5	11
HEP03	4	1	0	11
HEP03	4	1	1	10
HEP03	4	1	2	15
HEP03	4	1	3	15
HEP03	4	1	4	12
HEP03	4	1	5	10
HEP03	4	2	0	16
HEP03	4	2	1	15
HEP03	4	2	2	16
HEP03	4	2	3	15
HEP03	4	2	4	16
HEP03	4	2	5	14
HEP03	4	3	0	11
HEP03	4	3	1	13
HEP03	4	3	2	14
HEP03	4	3	3	15
HEP03	4	3	4	12
HEP03	4	3	5	11
HEP04	1	1	0	10
HEP04	1	1	1	9
HEP04	1	1	2	14
HEP04	1	1	3	14
HEP04	1	1	4	11
HEP04	1	1	5	9
HEP04	1	2	0	15
HEP04	1	2	1	14
HEP04	1	2	2	15
HEP04	1	2	3	14
HEP04	1	2	4	15
HEP04	1	2	5	13
HEP04	1	3	0	10
HEP04	1	3	1	12
HEP04	1	3	2	13
HEP04	1	3	3	14
HEP04	1	3	4	11
HEP04	1	3	5	10
HEP04	2	1	0	10
HEP04	2	1	1	9
HEP04	2	1	2	14
HEP04	2	1	3	14
HEP04	2	1	4	11
HEP04	2	1	5	9
HEP04	2	2	0	14
HEP04	2	2	1	14
HEP04	2	2	2	14
HEP04	2	2	3	14
HEP04	2	2	4	14
HEP04	2	2	5	13
HEP04	2	3	0	10
HEP04	2	3	1	12
HEP04	2	3	2	12
HEP04	2	3	3	13
HEP04	2	3	4	11
HEP04	2	3	5	10
HEP04	3	1	0	10
HEP04	3	1	1	9
HEP04	3	1	2	14
HEP04	3	1	3	14
HEP04	3	1	4	11
HEP04	3	1	5	9
HEP04	3	2	0	14
HEP04	3	2	1	14
HEP04	3	2	2	14
HEP04	3	2	3	14
HEP04	3	2	4	14
HEP04	3	2	5	13
HEP04	3	3	0	10
HEP04	3	3	1	12
HEP04	3	3	2	12
HEP04	3	3	3	13
HEP04	3	3	4	11
HEP04	3	3	5	10
HEP04	4	1	0	10
HEP04	4	1	1	9
HEP04	4	1	2	14
HEP04	4	1	3	14
HEP04	4	1	4	11
HEP04	4	1	5	9
HEP04	4	2	0	15
HEP04	4	2	1	14
HEP04	4	2	2	15
HEP04	4	2	3	14
HEP04	4	2	4	15
HEP04	4	2	5	13
HEP04	4	3	0	10
HEP04	4	3	1	12
HEP04	4	3	2	13
HEP04	4	3	3	14
HEP04	4	3	4	11
HEP04	4	3	5	10
HEP05	1	1	0	10
HEP05	1	1	1	9
HEP05	1	1	2	14
HEP05	1	1	3	14
HEP05	1	1	4	11
HEP05	1	1	5	9
HEP05	1	2	0	15
HEP05	1	2	1	14
HEP05	1	2	2	15
HEP05	1	2	3	14
HEP05	1	2	4	15
HEP05	1	2	5	13
HEP05	1	3	0	10
HEP05	1	3	1	12
HEP05	1	3	2	13
HEP05	1	3	3	14
HEP05	1	3	4	11
HEP05	1	3	5	10
HEP05	2	1	0	10
HEP05	2	1	1	9
HEP05	2	1	2	14
HEP05	2	1	3	14
HEP05	2	1	4	11
HEP05	2	1	5	9
HEP05	2	2	0	14
HEP05	2	2	1	14
HEP05	2	2	2	14
HEP05	2	2	3	14
HEP05	2	2	4	14
HEP05	2	2	5	13
HEP05	2	3	0	10
HEP05	2	3	1	12
HEP05	2	3	2	12
HEP05	2	3	3	13
HEP05	2	3	4	11
HEP05	2	3	5	10
HEP05	3	1	0	10
HEP05	3	1	1	9
HEP05	3	1	2	14
HEP05	3	1	3	14
HEP05	3	1	4	11
HEP05	3	1	5	9
HEP05	3	2	0	14
HEP05	3	2	1	14
HEP05	3	2	2	14
HEP05	3	2	3	14
HEP05	3	2	4	14
HEP05	3	2	5	13
HEP05	3	3	0	10
HEP05	3	3	1	12
HEP05	3	3	2	12
HEP05	3	3	3	13
HEP05	3	3	4	11
HEP05	3	3	5	10
HEP05	4	1	0	10
HEP05	4	1	1	9
HEP05	4	1	2	14
HEP05	4	1	3	14
HEP05	4	1	4	11
HEP05	4	1	5	9
HEP05	4	2	0	15
HEP05	4	2	1	14
HEP05	4	2	2	15
HEP05	4	2	3	14
HEP05	4	2	4	15
HEP05	4	2	5	13
HEP05	4	3	0	10
HEP05	4	3	1	12
HEP05	4	3	2	13
HEP05	4	3	3	14
HEP05	4	3	4	11
HEP05	4	3	5	10
HEP06	1	1	0	10
HEP06	1	1	1	9
HEP06	1	1	2	14
HEP06	1	1	3	14
HEP06	1	1	4	11
HEP06	1	1	5	9
HEP06	1	2	0	15
HEP06	1	2	1	14
HEP06	1	2	2	15
HEP06	1	2	3	14
HEP06	1	2	4	15
HEP06	1	2	5	13
HEP06	1	3	0	10
HEP06	1	3	1	12
HEP06	1	3	2	13
HEP06	1	3	3	14
HEP06	1	3	4	11
HEP06	1	3	5	10
HEP06	2	1	0	10
HEP06	2	1	1	9
HEP06	2	1	2	14
HEP06	2	1	3	14
HEP06	2	1	4	11
HEP06	2	1	5	9
HEP06	2	2	0	14
HEP06	2	2	1	14
HEP06	2	2	2	14
HEP06	2	2	3	14
HEP06	2	2	4	14
HEP06	2	2	5	13
HEP06	2	3	0	10
HEP06	2	3	1	12
HEP06	2	3	2	12
HEP06	2	3	3	13
HEP06	2	3	4	11
HEP06	2	3	5	10
HEP06	3	1	0	10
HEP06	3	1	1	9
HEP06	3	1	2	14
HEP06	3	1	3	14
HEP06	3	1	4	11
HEP06	3	1	5	9
HEP06	3	2	0	14
HEP06	3	2	1	14
HEP06	3	2	2	14
HEP06	3	2	3	14
HEP06	3	2	4	14
HEP06	3	2	5	13
HEP06	3	3	0	10
HEP06	3	3	1	12
HEP06	3	3	2	12
HEP06	3	3	3	13
HEP06	3	3	4	11
HEP06	3	3	5	10
HEP06	4	1	0	10
HEP06	4	1	1	9
HEP06	4	1	2	14
HEP06	4	1	3	14
HEP06	4	1	4	11
HEP06	4	1	5	9
HEP06	4	2	0	15
HEP06	4	2	1	14
HEP06	4	2	2	15
HEP06	4	2	3	14
HEP06	4	2	4	15
HEP06	4	2	5	13
HEP06	4	3	0	10
HEP06	4	3	1	12
HEP06	4	3	2	13
HEP06	4	3	3	14
HEP06	4	3	4	11
HEP06	4	3	5	10
HEP07	1	1	0	10
HEP07	1	1	1	9
HEP07	1	1	2	14
HEP07	1	1	3	14
HEP07	1	1	4	11
HEP07	1	1	5	9
HEP07	1	2	0	15
HEP07	1	2	1	14
HEP07	1	2	2	15
HEP07	1	2	3	14
HEP07	1	2	4	15
HEP07	1	2	5	13
HEP07	1	3	0	10
HEP07	1	3	1	12
HEP07	1	3	2	13
HEP07	1	3	3	14
HEP07	1	3	4	11
HEP07	1	3	5	10
HEP07	2	1	0	10
HEP07	2	1	1	9
HEP07	2	1	2	14
HEP07	2	1	3	14
HEP07	2	1	4	11
HEP07	2	1	5	9
HEP07	2	2	0	14
HEP07	2	2	1	14
HEP07	2	2	2	14
HEP07	2	2	3	14
HEP07	2	2	4	14
HEP07	2	2	5	13
HEP07	2	3	0	10
HEP07	2	3	1	12
HEP07	2	3	2	12
HEP07	2	3	3	13
HEP07	2	3	4	11
HEP07	2	3	5	10
HEP07	3	1	0	11
HEP07	3	1	1	10
HEP07	3	1	2	15
HEP07	3	1	3	15
HEP07	3	1	4	12
HEP07	3	1	5	10
HEP07	3	2	0	15
HEP07	3	2	1	15
HEP07	3	2	2	15
HEP07	3	2	3	15
HEP07	3	2	4	15
HEP07	3	2	5	14
HEP07	3	3	0	11
HEP07	3	3	1	13
HEP07	3	3	2	13
HEP07	3	3	3	14
HEP07	3	3	4	12
HEP07	3	3	5	11
HEP07	4	1	0	11
HEP07	4	1	1	10
HEP07	4	1	2	15
HEP07	4	1	3	15
HEP07	4	1	4	12
HEP07	4	1	5	10
HEP07	4	2	0	16
HEP07	4	2	1	15
HEP07	4	2	2	16
HEP07	4	2	3	15
HEP07	4	2	4	16
HEP07	4	2	5	14
HEP07	4	3	0	11
HEP07	4	3	1	13
HEP07	4	3	2	14
HEP07	4	3	3	15
HEP07	4	3	4	12
HEP07	4	3	5	11
HEP08	1	1	0	11
HEP08	1	1	1	10
HEP08	1	1	2	15
HEP08	1	1	3	15
HEP08	1	1	4	12
HEP08	1	1	5	10
HEP08	1	2	0	16
HEP08	1	2	1	15
HEP08	1	2	2	16
HEP08	1	2	3	15
HEP08	1	2	4	16
HEP08	1	2	5	14
HEP08	1	3	0	11
HEP08	1	3	1	13
HEP08	1	3	2	14
HEP08	1	3	3	15
HEP08	1	3	4	12
HEP08	1	3	5	11
HEP08	2	1	0	11
HEP08	2	1	1	10
HEP08	2	1	2	15
HEP08	2	1	3	15
HEP08	2	1	4	12
HEP08	2	1	5	10
HEP08	2	2	0	15
HEP08	2	2	1	15
HEP08	2	2	2	15
HEP08	2	2	3	15
HEP08	2	2	4	15
HEP08	2	2	5	14
HEP08	2	3	0	11
HEP08	2	3	1	13
HEP08	2	3	2	13
HEP08	2	3	3	14
HEP08	2	3	4	12
HEP08	2	3	5	11
HEP08	3	1	0	11
HEP08	3	1	1	10
HEP08	3	1	2	15
HEP08	3	1	3	15
HEP08	3	1	4	12
HEP08	3	1	5	10
HEP08	3	2	0	15
HEP08	3	2	1	15
HEP08	3	2	2	15
HEP08	3	2	3	15
HEP08	3	2	4	15
HEP08	3	2	5	14
HEP08	3	3	0	11
HEP08	3	3	1	13
HEP08	3	3	2	13
HEP08	3	3	3	14
HEP08	3	3	4	12
HEP08	3	3	5	11
HEP08	4	1	0	11
HEP08	4	1	1	10
HEP08	4	1	2	15
HEP08	4	1	3	15
HEP08	4	1	4	12
HEP08	4	1	5	10
HEP08	4	2	0	16
HEP08	4	2	1	15
HEP08	4	2	2	16
HEP08	4	2	3	15
HEP08	4	2	4	16
HEP08	4	2	5	14
HEP08	4	3	0	11
HEP08	4	3	1	13
HEP08	4	3	2	14
HEP08	4	3	3	15
HEP08	4	3	4	12
HEP08	4	3	5	11
HEP09	1	1	0	11
HEP09	1	1	1	10
HEP09	1	1	2	15
HEP09	1	1	3	15
HEP09	1	1	4	12
HEP09	1	1	5	10
HEP09	1	2	0	16
HEP09	1	2	1	15
HEP09	1	2	2	16
HEP09	1	2	3	15
HEP09	1	2	4	16
HEP09	1	2	5	14
HEP09	1	3	0	11
HEP09	1	3	1	13
HEP09	1	3	2	14
HEP09	1	3	3	15
HEP09	1	3	4	12
HEP09	1	3	5	11
HEP09	2	1	0	11
HEP09	2	1	1	10
HEP09	2	1	2	15
HEP09	2	1	3	15
HEP09	2	1	4	12
HEP09	2	1	5	10
HEP09	2	2	0	15
HEP09	2	2	1	15
HEP09	2	2	2	15
HEP09	2	2	3	15
HEP09	2	2	4	15
HEP09	2	2	5	14
HEP09	2	3	0	11
HEP09	2	3	1	13
HEP09	2	3	2	13
HEP09	2	3	3	14
HEP09	2	3	4	12
HEP09	2	3	5	11
HEP09	3	1	0	11
HEP09	3	1	1	10
HEP09	3	1	2	15
HEP09	3	1	3	15
HEP09	3	1	4	12
HEP09	3	1	5	10
HEP09	3	2	0	15
HEP09	3	2	1	15
HEP09	3	2	2	15
HEP09	3	2	3	15
HEP09	3	2	4	15
HEP09	3	2	5	14
HEP09	3	3	0	11
HEP09	3	3	1	13
HEP09	3	3	2	13
HEP09	3	3	3	14
HEP09	3	3	4	12
HEP09	3	3	5	11
HEP09	4	1	0	11
HEP09	4	1	1	10
HEP09	4	1	2	15
HEP09	4	1	3	15
HEP09	4	1	4	12
HEP09	4	1	5	10
HEP09	4	2	0	16
HEP09	4	2	1	15
HEP09	4	2	2	16
HEP09	4	2	3	15
HEP09	4	2	4	16
HEP09	4	2	5	14
HEP09	4	3	0	11
HEP09	4	3	1	13
HEP09	4	3	2	14
HEP09	4	3	3	15
HEP09	4	3	4	12
HEP09	4	3	5	11
HEP10	1	1	0	10
HEP10	1	1	1	9
HEP10	1	1	2	14
HEP10	1	1	3	14
HEP10	1	1	4	11
HEP10	1	1	5	9
HEP10	1	2	0	15
HEP10	1	2	1	14
HEP10	1	2	2	15
HEP10	1	2	3	14
HEP10	1	2	4	15
HEP10	1	2	5	13
HEP10	1	3	0	10
HEP10	1	3	1	12
HEP10	1	3	2	13
HEP10	1	3	3	14
HEP10	1	3	4	11
HEP10	1	3	5	10
HEP10	2	1	0	10
HEP10	2	1	1	9
HEP10	2	1	2	14
HEP10	2	1	3	14
HEP10	2	1	4	11
HEP10	2	1	5	9
HEP10	2	2	0	14
HEP10	2	2	1	14
HEP10	2	2	2	14
HEP10	2	2	3	14
HEP10	2	2	4	14
HEP10	2	2	5	13
HEP10	2	3	0	10
HEP10	2	3	1	12
HEP10	2	3	2	12
HEP10	2	3	3	13
HEP10	2	3	4	11
HEP10	2	3	5	10
HEP10	3	1	0	11
HEP10	3	1	1	10
HEP10	3	1	2	15
HEP10	3	1	3	15
HEP10	3	1	4	12
HEP10	3	1	5	10
HEP10	3	2	0	15
HEP10	3	2	1	15
HEP10	3	2	2	15
HEP10	3	2	3	15
HEP10	3	2	4	15
HEP10	3	2	5	14
HEP10	3	3	0	11
HEP10	3	3	1	13
HEP10	3	3	2	13
HEP10	3	3	3	14
HEP10	3	3	4	12
HEP10	3	3	5	11
HEP10	4	1	0	11
HEP10	4	1	1	10
HEP10	4	1	2	15
HEP10	4	1	3	15
HEP10	4	1	4	12
HEP10	4	1	5	10
HEP10	4	2	0	16
HEP10	4	2	1	15
HEP10	4	2	2	16
HEP10	4	2	3	15
HEP10	4	2	4	16
HEP10	4	2	5	14
HEP10	4	3	0	11
HEP10	4	3	1	13
HEP10	4	3	2	14
HEP10	4	3	3	15
HEP10	4	3	4	12
HEP10	4	3	5	11
HEP11	1	1	0	11
HEP11	1	1	1	10
HEP11	1	1	2	15
HEP11	1	1	3	15
HEP11	1	1	4	12
HEP11	1	1	5	10
HEP11	1	2	0	16
HEP11	1	2	1	15
HEP11	1	2	2	16
HEP11	1	2	3	15
HEP11	1	2	4	16
HEP11	1	2	5	14
HEP11	1	3	0	11
HEP11	1	3	1	13
HEP11	1	3	2	14
HEP11	1	3	3	15
HEP11	1	3	4	12
HEP11	1	3	5	11
HEP11	2	1	0	11
HEP11	2	1	1	10
HEP11	2	1	2	15
HEP11	2	1	3	15
HEP11	2	1	4	12
HEP11	2	1	5	10
HEP11	2	2	0	15
HEP11	2	2	1	15
HEP11	2	2	2	15
HEP11	2	2	3	15
HEP11	2	2	4	15
HEP11	2	2	5	14
HEP11	2	3	0	11
HEP11	2	3	1	13
HEP11	2	3	2	13
HEP11	2	3	3	14
HEP11	2	3	4	12
HEP11	2	3	5	11
HEP11	3	1	0	12
HEP11	3	1	1	11
HEP11	3	1	2	16
HEP11	3	1	3	16
HEP11	3	1	4	13
HEP11	3	1	5	11
HEP11	3	2	0	16
HEP11	3	2	1	16
HEP11	3	2	2	16
HEP11	3	2	3	16
HEP11	3	2	4	16
HEP11	3	2	5	15
HEP11	3	3	0	12
HEP11	3	3	1	14
HEP11	3	3	2	14
HEP11	3	3	3	15
HEP11	3	3	4	13
HEP11	3	3	5	12
HEP11	4	1	0	12
HEP11	4	1	1	11
HEP11	4	1	2	16
HEP11	4	1	3	16
HEP11	4	1	4	13
HEP11	4	1	5	11
HEP11	4	2	0	17
HEP11	4	2	1	16
HEP11	4	2	2	17
HEP11	4	2	3	16
HEP11	4	2	4	17
HEP11	4	2	5	15
HEP11	4	3	0	12
HEP11	4	3	1	14
HEP11	4	3	2	15
HEP11	4	3	3	16
HEP11	4	3	4	13
HEP11	4	3	5	12
HEP12	1	1	0	11
HEP12	1	1	1	10
HEP12	1	1	2	15
HEP12	1	1	3	15
HEP12	1	1	4	12
HEP12	1	1	5	10
HEP12	1	2	0	16
HEP12	1	2	1	15
HEP12	1	2	2	16
HEP12	1	2	3	15
HEP12	1	2	4	16
HEP12	1	2	5	14
HEP12	1	3	0	11
HEP12	1	3	1	13
HEP12	1	3	2	14
HEP12	1	3	3	15
HEP12	1	3	4	12
HEP12	1	3	5	11
HEP12	2	1	0	11
HEP12	2	1	1	10
HEP12	2	1	2	15
HEP12	2	1	3	15
HEP12	2	1	4	12
HEP12	2	1	5	10
HEP12	2	2	0	15
HEP12	2	2	1	15
HEP12	2	2	2	15
HEP12	2	2	3	15
HEP12	2	2	4	15
HEP12	2	2	5	14
HEP12	2	3	0	11
HEP12	2	3	1	13
HEP12	2	3	2	13
HEP12	2	3	3	14
HEP12	2	3	4	12
HEP12	2	3	5	11
HEP12	3	1	0	10
HEP12	3	1	1	9
HEP12	3	1	2	14
HEP12	3	1	3	14
HEP12	3	1	4	11
HEP12	3	1	5	9
HEP12	3	2	0	14
HEP12	3	2	1	14
HEP12	3	2	2	14
HEP12	3	2	3	14
HEP12	3	2	4	14
HEP12	3	2	5	13
HEP12	3	3	0	10
HEP12	3	3	1	12
HEP12	3	3	2	12
HEP12	3	3	3	13
HEP12	3	3	4	11
HEP12	3	3	5	10
HEP12	4	1	0	10
HEP12	4	1	1	9
HEP12	4	1	2	14
HEP12	4	1	3	14
HEP12	4	1	4	11
HEP12	4	1	5	9
HEP12	4	2	0	15
HEP12	4	2	1	14
HEP12	4	2	2	15
HEP12	4	2	3	14
HEP12	4	2	4	15
HEP12	4	2	5	13
HEP12	4	3	0	10
HEP12	4	3	1	12
HEP12	4	3	2	13
HEP12	4	3	3	14
HEP12	4	3	4	11
HEP12	4	3	5	10
HEP13	1	1	0	13
HEP13	1	1	1	12
HEP13	1	1	2	17
HEP13	1	1	3	17
HEP13	1	1	4	14
HEP13	1	1	5	12
HEP13	1	2	0	18
HEP13	1	2	1	17
HEP13	1	2	2	18
HEP13	1	2	3	17
HEP13	1	2	4	18
HEP13	1	2	5	16
HEP13	1	3	0	13
HEP13	1	3	1	15
HEP13	1	3	2	16
HEP13	1	3	3	17
HEP13	1	3	4	14
HEP13	1	3	5	13
HEP13	2	1	0	13
HEP13	2	1	1	12
HEP13	2	1	2	17
HEP13	2	1	3	17
HEP13	2	1	4	14
HEP13	2	1	5	12
HEP13	2	2	0	17
HEP13	2	2	1	17
HEP13	2	2	2	17
HEP13	2	2	3	17
HEP13	2	2	4	17
HEP13	2	2	5	16
HEP13	2	3	0	13
HEP13	2	3	1	15
HEP13	2	3	2	15
HEP13	2	3	3	16
HEP13	2	3	4	14
HEP13	2	3	5	13
HEP13	3	1	0	13
HEP13	3	1	1	12
HEP13	3	1	2	17
HEP13	3	1	3	17
HEP13	3	1	4	14
HEP13	3	1	5	12
HEP13	3	2	0	17
HEP13	3	2	1	17
HEP13	3	2	2	17
HEP13	3	2	3	17
HEP13	3	2	4	17
HEP13	3	2	5	16
HEP13	3	3	0	13
HEP13	3	3	1	15
HEP13	3	3	2	15
HEP13	3	3	3	16
HEP13	3	3	4	14
HEP13	3	3	5	13
HEP13	4	1	0	13
HEP13	4	1	1	12
HEP13	4	1	2	17
HEP13	4	1	3	17
HEP13	4	1	4	14
HEP13	4	1	5	12
HEP13	4	2	0	18
HEP13	4	2	1	17
HEP13	4	2	2	18
HEP13	4	2	3	17
HEP13	4	2	4	18
HEP13	4	2	5	16
HEP13	4	3	0	13
HEP13	4	3	1	15
HEP13	4	3	2	16
HEP13	4	3	3	17
HEP13	4	3	4	14
HEP13	4	3	5	13
HEP14	1	1	0	12
HEP14	1	1	1	11
HEP14	1	1	2	16
HEP14	1	1	3	16
HEP14	1	1	4	13
HEP14	1	1	5	11
HEP14	1	2	0	17
HEP14	1	2	1	16
HEP14	1	2	2	17
HEP14	1	2	3	16
HEP14	1	2	4	17
HEP14	1	2	5	15
HEP14	1	3	0	12
HEP14	1	3	1	14
HEP14	1	3	2	15
HEP14	1	3	3	16
HEP14	1	3	4	13
HEP14	1	3	5	12
HEP14	2	1	0	12
HEP14	2	1	1	11
HEP14	2	1	2	16
HEP14	2	1	3	16
HEP14	2	1	4	13
HEP14	2	1	5	11
HEP14	2	2	0	16
HEP14	2	2	1	16
HEP14	2	2	2	16
HEP14	2	2	3	16
HEP14	2	2	4	16
HEP14	2	2	5	15
HEP14	2	3	0	12
HEP14	2	3	1	14
HEP14	2	3	2	14
HEP14	2	3	3	15
HEP14	2	3	4	13
HEP14	2	3	5	12
HEP14	3	1	0	12
HEP14	3	1	1	11
HEP14	3	1	2	16
HEP14	3	1	3	16
HEP14	3	1	4	13
HEP14	3	1	5	11
HEP14	3	2	0	16
HEP14	3	2	1	16
HEP14	3	2	2	16
HEP14	3	2	3	16
HEP14	3	2	4	16
HEP14	3	2	5	15
HEP14	3	3	0	12
HEP14	3	3	1	14
HEP14	3	3	2	14
HEP14	3	3	3	15
HEP14	3	3	4	13
HEP14	3	3	5	12
HEP14	4	1	0	12
HEP14	4	1	1	11
HEP14	4	1	2	16
HEP14	4	1	3	16
HEP14	4	1	4	13
HEP14	4	1	5	11
HEP14	4	2	0	17
HEP14	4	2	1	16
HEP14	4	2	2	17
HEP14	4	2	3	16
HEP14	4	2	4	17
HEP14	4	2	5	15
HEP14	4	3	0	12
HEP14	4	3	1	14
HEP14	4	3	2	15
HEP14	4	3	3	16
HEP14	4	3	4	13
HEP14	4	3	5	12
HEP15	1	1	0	13
HEP15	1	1	1	12
HEP15	1	1	2	17
HEP15	1	1	3	17
HEP15	1	1	4	14
HEP15	1	1	5	12
HEP15	1	2	0	18
HEP15	1	2	1	17
HEP15	1	2	2	18
HEP15	1	2	3	17
HEP15	1	2	4	18
HEP15	1	2	5	16
HEP15	1	3	0	13
HEP15	1	3	1	15
HEP15	1	3	2	16
HEP15	1	3	3	17
HEP15	1	3	4	14
HEP15	1	3	5	13
HEP15	2	1	0	13
HEP15	2	1	1	12
HEP15	2	1	2	17
HEP15	2	1	3	17
HEP15	2	1	4	14
HEP15	2	1	5	12
HEP15	2	2	0	17
HEP15	2	2	1	17
HEP15	2	2	2	17
HEP15	2	2	3	17
HEP15	2	2	4	17
HEP15	2	2	5	16
HEP15	2	3	0	13
HEP15	2	3	1	15
HEP15	2	3	2	15
HEP15	2	3	3	16
HEP15	2	3	4	14
HEP15	2	3	5	13
HEP15	3	1	0	14
HEP15	3	1	1	13
HEP15	3	1	2	18
HEP15	3	1	3	18
HEP15	3	1	4	15
HEP15	3	1	5	13
HEP15	3	2	0	18
HEP15	3	2	1	18
HEP15	3	2	2	18
HEP15	3	2	3	18
HEP15	3	2	4	18
HEP15	3	2	5	17
HEP15	3	3	0	14
HEP15	3	3	1	16
HEP15	3	3	2	16
HEP15	3	3	3	17
HEP15	3	3	4	15
HEP15	3	3	5	14
HEP15	4	1	0	14
HEP15	4	1	1	13
HEP15	4	1	2	18
HEP15	4	1	3	18
HEP15	4	1	4	15
HEP15	4	1	5	13
HEP15	4	2	0	19
HEP15	4	2	1	18
HEP15	4	2	2	19
HEP15	4	2	3	18
HEP15	4	2	4	19
HEP15	4	2	5	17
HEP15	4	3	0	14
HEP15	4	3	1	16
HEP15	4	3	2	17
HEP15	4	3	3	18
HEP15	4	3	4	15
HEP15	4	3	5	14
HEP16	1	1	0	11
HEP16	1	1	1	10
HEP16	1	1	2	15
HEP16	1	1	3	15
HEP16	1	1	4	12
HEP16	1	1	5	10
HEP16	1	2	0	16
HEP16	1	2	1	15
HEP16	1	2	2	16
HEP16	1	2	3	15
HEP16	1	2	4	16
HEP16	1	2	5	14
HEP16	1	3	0	11
HEP16	1	3	1	13
HEP16	1	3	2	14
HEP16	1	3	3	15
HEP16	1	3	4	12
HEP16	1	3	5	11
HEP16	2	1	0	11
HEP16	2	1	1	10
HEP16	2	1	2	15
HEP16	2	1	3	15
HEP16	2	1	4	12
HEP16	2	1	5	10
HEP16	2	2	0	15
HEP16	2	2	1	15
HEP16	2	2	2	15
HEP16	2	2	3	15
HEP16	2	2	4	15
HEP16	2	2	5	14
HEP16	2	3	0	11
HEP16	2	3	1	13
HEP16	2	3	2	13
HEP16	2	3	3	14
HEP16	2	3	4	12
HEP16	2	3	5	11
HEP16	3	1	0	11
HEP16	3	1	1	10
HEP16	3	1	2	15
HEP16	3	1	3	15
HEP16	3	1	4	12
HEP16	3	1	5	10
HEP16	3	2	0	15
HEP16	3	2	1	15
HEP16	3	2	2	15
HEP16	3	2	3	15
HEP16	3	2	4	15
HEP16	3	2	5	14
HEP16	3	3	0	11
HEP16	3	3	1	13
HEP16	3	3	2	13
HEP16	3	3	3	14
HEP16	3	3	4	12
HEP16	3	3	5	11
HEP16	4	1	0	11
HEP16	4	1	1	10
HEP16	4	1	2	15
HEP16	4	1	3	15
HEP16	4	1	4	12
HEP16	4	1	5	10
HEP16	4	2	0	16
HEP16	4	2	1	15
HEP16	4	2	2	16
HEP16	4	2	3	15
HEP16	4	2	4	16
HEP16	4	2	5	14
HEP16	4	3	0	11
HEP16	4	3	1	13
HEP16	4	3	2	14
HEP16	4	3	3	15
HEP16	4	3	4	12
HEP16	4	3	5	11
HEP17	1	1	0	11
HEP17	1	1	1	10
HEP17	1	1	2	15
HEP17	1	1	3	15
HEP17	1	1	4	12
HEP17	1	1	5	10
HEP17	1	2	0	16
HEP17	1	2	1	15
HEP17	1	2	2	16
HEP17	1	2	3	15
HEP17	1	2	4	16
HEP17	1	2	5	14
HEP17	1	3	0	11
HEP17	1	3	1	13
HEP17	1	3	2	14
HEP17	1	3	3	15
HEP17	1	3	4	12
HEP17	1	3	5	11
HEP17	2	1	0	11
HEP17	2	1	1	10
HEP17	2	1	2	15
HEP17	2	1	3	15
HEP17	2	1	4	12
HEP17	2	1	5	10
HEP17	2	2	0	15
HEP17	2	2	1	15
HEP17	2	2	2	15
HEP17	2	2	3	15
HEP17	2	2	4	15
HEP17	2	2	5	14
HEP17	2	3	0	11
HEP17	2	3	1	13
HEP17	2	3	2	13
HEP17	2	3	3	14
HEP17	2	3	4	12
HEP17	2	3	5	11
HEP17	3	1	0	12
HEP17	3	1	1	11
HEP17	3	1	2	16
HEP17	3	1	3	16
HEP17	3	1	4	13
HEP17	3	1	5	11
HEP17	3	2	0	16
HEP17	3	2	1	16
HEP17	3	2	2	16
HEP17	3	2	3	16
HEP17	3	2	4	16
HEP17	3	2	5	15
HEP17	3	3	0	12
HEP17	3	3	1	14
HEP17	3	3	2	14
HEP17	3	3	3	15
HEP17	3	3	4	13
HEP17	3	3	5	12
HEP17	4	1	0	12
HEP17	4	1	1	11
HEP17	4	1	2	16
HEP17	4	1	3	16
HEP17	4	1	4	13
HEP17	4	1	5	11
HEP17	4	2	0	17
HEP17	4	2	1	16
HEP17	4	2	2	17
HEP17	4	2	3	16
HEP17	4	2	4	17
HEP17	4	2	5	15
HEP17	4	3	0	12
HEP17	4	3	1	14
HEP17	4	3	2	15
HEP17	4	3	3	16
HEP17	4	3	4	13
HEP17	4	3	5	12
HEP18	1	1	0	12
HEP18	1	1	1	11
HEP18	1	1	2	16
HEP18	1	1	3	16
HEP18	1	1	4	13
HEP18	1	1	5	11
HEP18	1	2	0	17
HEP18	1	2	1	16
HEP18	1	2	2	17
HEP18	1	2	3	16
HEP18	1	2	4	17
HEP18	1	2	5	15
HEP18	1	3	0	12
HEP18	1	3	1	14
HEP18	1	3	2	15
HEP18	1	3	3	16
HEP18	1	3	4	13
HEP18	1	3	5	12
HEP18	2	1	0	12
HEP18	2	1	1	11
HEP18	2	1	2	16
HEP18	2	1	3	16
HEP18	2	1	4	13
HEP18	2	1	5	11
HEP18	2	2	0	16
HEP18	2	2	1	16
HEP18	2	2	2	16
HEP18	2	2	3	16
HEP18	2	2	4	16
HEP18	2	2	5	15
HEP18	2	3	0	12
HEP18	2	3	1	14
HEP18	2	3	2	14
HEP18	2	3	3	15
HEP18	2	3	4	13
HEP18	2	3	5	12
HEP18	3	1	0	12
HEP18	3	1	1	11
HEP18	3	1	2	16
HEP18	3	1	3	16
HEP18	3	1	4	13
HEP18	3	1	5	11
HEP18	3	2	0	16
HEP18	3	2	1	16
HEP18	3	2	2	16
HEP18	3	2	3	16
HEP18	3	2	4	16
HEP18	3	2	5	15
HEP18	3	3	0	12
HEP18	3	3	1	14
HEP18	3	3	2	14
HEP18	3	3	3	15
HEP18	3	3	4	13
HEP18	3	3	5	12
HEP18	4	1	0	12
HEP18	4	1	1	11
HEP18	4	1	2	16
HEP18	4	1	3	16
HEP18	4	1	4	13
HEP18	4	1	5	11
HEP18	4	2	0	17
HEP18	4	2	1	16
HEP18	4	2	2	17
HEP18	4	2	3	16
HEP18	4	2	4	17
HEP18	4	2	5	15
HEP18	4	3	0	12
HEP18	4	3	1	14
HEP18	4	3	2	15
HEP18	4	3	3	16
HEP18	4	3	4	13
HEP18	4	3	5	12
